Customer_ID,Age,Gender,Annual_Income,Policy_Type,Policy_Tenure,Premium_Amount,Vehicle_Type,Vehicle_Age,Previous_Claims,Accident_History,Annual_Mileage,Traffic_Violations,Occupation,Claim,Claim_Probability,Risk_Score,Risk_Level
100001,56,Female,47821211,Premium,5,1661944,SUV,13,4,No,49893,0,Student,1,89.33,89.33,HIGH
100002,69,Female,55016158,Basic,5,10790326,Hatchback,8,0,No,38136,1,Office Worker,0,8.33,8.33,LOW
100003,46,Female,166182433,Standard,7,11643876,Motorcycle,9,1,No,29314,1,Driver,0,64.67,64.67,MEDIUM
100004,32,Male,122966396,Premium,9,14364539,Sedan,14,1,No,32852,0,Teacher,0,6.0,6.0,LOW
100005,60,Male,201860663,Standard,4,13850341,Motorcycle,6,2,No,7953,0,Teacher,1,82.67,82.67,HIGH
100006,25,Female,232958734,Standard,9,5650635,Hatchback,11,0,No,27282,2,Office Worker,0,9.33,9.33,LOW
100007,38,Male,233983087,Basic,10,14376714,Sedan,13,3,No,14237,4,Student,1,87.0,87.0,HIGH
100008,56,Female,42022360,Basic,9,1017903,Sedan,8,0,No,40148,0,Business Owner,1,52.0,52.0,MEDIUM
100009,36,Male,104521699,Premium,4,13418672,Hatchback,13,1,No,31448,1,Business Owner,1,87.67,87.67,HIGH
100010,40,Male,95931591,Standard,3,8100883,SUV,8,2,No,34771,1,Student,1,68.0,68.0,MEDIUM
100011,28,Female,244348168,Standard,2,11853064,Sedan,11,1,No,48721,0,Driver,1,83.67,83.67,HIGH
100012,28,Female,116111673,Basic,9,14011328,Hatchback,1,2,No,5588,0,Engineer,1,83.67,83.67,HIGH
100013,41,Female,231297401,Basic,2,2661241,Pickup,14,1,No,17815,3,Engineer,1,82.33,82.33,HIGH
100014,70,Female,162267044,Premium,6,14832962,Motorcycle,0,1,Yes,9356,1,Office Worker,1,73.67,73.67,HIGH
100015,53,Male,115508655,Standard,5,11892542,Sedan,10,2,No,23069,1,Teacher,1,76.0,76.0,HIGH
100016,57,Male,32503276,Standard,5,9758164,Pickup,3,0,No,44889,3,Driver,1,82.67,82.67,HIGH
100017,41,Male,186933117,Basic,4,10226262,Sedan,3,1,No,17695,2,Engineer,0,53.33,53.33,MEDIUM
100018,20,Female,102344057,Standard,6,11317704,SUV,12,2,No,23783,1,Driver,1,91.0,91.0,HIGH
100019,39,Male,61515315,Premium,5,2401170,Hatchback,1,0,No,4403,2,Business Owner,1,72.33,72.33,HIGH
100020,70,Female,90818320,Standard,4,14026796,Sedan,2,0,Yes,44159,0,Business Owner,1,52.33,52.33,MEDIUM
100021,19,Male,87827874,Basic,9,14216566,Hatchback,2,1,No,31327,0,Driver,1,78.33,78.33,HIGH
100022,41,Female,223244836,Standard,6,8712254,Sedan,4,1,No,5285,1,Student,0,8.33,8.33,LOW
100023,61,Female,109792530,Standard,10,3685293,SUV,0,6,Yes,11862,0,Engineer,1,86.33,86.33,HIGH
100024,47,Male,135534699,Standard,10,14493138,SUV,8,0,Yes,4728,0,Engineer,1,86.0,86.0,HIGH
100025,55,Female,74908282,Premium,10,7444861,Pickup,7,0,No,14430,0,Business Owner,1,76.0,76.0,HIGH
100026,19,Female,217762438,Standard,3,10846358,SUV,7,2,No,37017,2,Teacher,1,85.33,85.33,HIGH
100027,38,Male,185992347,Premium,10,6819610,Hatchback,2,3,No,36646,0,Office Worker,0,7.33,7.33,LOW
100028,50,Female,57105736,Standard,6,5608474,SUV,1,2,No,31922,2,Engineer,0,5.0,5.0,LOW
100029,29,Female,173015998,Basic,1,12765091,Sedan,0,1,No,14543,0,Business Owner,0,7.0,7.0,LOW
100030,39,Female,91183387,Basic,5,9922571,SUV,11,0,Yes,29563,3,Business Owner,1,85.67,85.67,HIGH
100031,61,Male,92667845,Basic,10,14721078,Hatchback,5,3,No,28553,4,Driver,1,84.33,84.33,HIGH
100032,42,Male,169649657,Premium,6,13876717,Sedan,12,1,Yes,43470,1,Driver,1,71.33,71.33,HIGH
100033,66,Female,167715280,Standard,8,13122913,Pickup,9,0,No,10578,3,Teacher,1,75.67,75.67,HIGH
100034,44,Male,60351951,Standard,9,3114336,Pickup,0,1,No,24263,0,Driver,0,6.33,6.33,LOW
100035,59,Female,62432022,Basic,3,6028699,Pickup,13,0,No,13668,0,Office Worker,1,64.33,64.33,MEDIUM
100036,45,Female,209304606,Basic,2,11941279,Sedan,10,1,No,19922,0,Engineer,1,80.0,80.0,HIGH
100037,33,Female,173843394,Standard,4,11693297,Pickup,4,3,No,15232,0,Office Worker,1,77.33,77.33,HIGH
100038,32,Female,150124159,Standard,8,3888851,SUV,8,1,No,12092,2,Office Worker,0,7.0,7.0,LOW
100039,64,Female,129379225,Basic,8,5378023,Sedan,10,2,Yes,37234,3,Driver,1,80.33,80.33,HIGH
100040,68,Male,85678947,Standard,3,6239522,Sedan,8,2,Yes,46975,0,Teacher,1,93.67,93.67,HIGH
100041,61,Female,197163561,Basic,4,13383582,Sedan,12,1,No,43482,1,Business Owner,1,86.0,86.0,HIGH
100042,69,Male,95036964,Basic,3,6016761,Motorcycle,11,0,No,21117,3,Student,1,81.0,81.0,HIGH
100043,20,Male,203870004,Standard,10,3436901,Hatchback,14,1,No,36258,2,Business Owner,1,89.0,89.0,HIGH
100044,54,Female,56745493,Basic,2,7947797,Motorcycle,3,2,Yes,34190,0,Business Owner,1,84.0,84.0,HIGH
100045,68,Female,60507773,Premium,4,5868136,Motorcycle,6,1,No,26095,1,Business Owner,1,79.33,79.33,HIGH
100046,24,Male,160191465,Basic,6,9539016,Motorcycle,13,0,No,21302,1,Business Owner,1,86.0,86.0,HIGH
100047,38,Male,181427945,Basic,5,6923827,Hatchback,10,0,No,13226,1,Office Worker,1,76.67,76.67,HIGH
100048,26,Male,196675068,Basic,3,12349384,Motorcycle,6,1,No,43934,2,Driver,0,8.67,8.67,LOW
100049,56,Female,149112140,Standard,2,5156094,Pickup,3,1,No,13903,0,Driver,1,64.33,64.33,MEDIUM
100050,35,Male,133566794,Standard,9,3050126,Sedan,4,2,No,25409,0,Business Owner,0,8.67,8.67,LOW
100051,21,Female,114948213,Standard,1,6231308,Sedan,10,1,Yes,45446,0,Student,1,87.67,87.67,HIGH
100052,42,Female,73155151,Basic,9,12771775,SUV,8,0,Yes,17885,1,Engineer,0,71.33,71.33,HIGH
100053,31,Female,88368711,Basic,1,7213397,Pickup,6,1,Yes,9099,1,Business Owner,1,82.0,82.0,HIGH
100054,67,Male,136690343,Standard,7,2955599,Hatchback,15,0,No,29076,0,Business Owner,1,85.0,85.0,HIGH
100055,26,Female,30698618,Premium,6,7638111,Sedan,6,0,Yes,45927,2,Student,1,87.33,87.33,HIGH
100056,43,Female,185079084,Premium,7,5728257,Motorcycle,9,1,No,49578,0,Office Worker,1,70.33,70.33,HIGH
100057,70,Female,142736378,Basic,3,8169165,SUV,6,0,No,12726,0,Business Owner,1,58.0,58.0,MEDIUM
100058,19,Female,235512257,Standard,3,13111098,SUV,14,1,No,12540,1,Student,1,90.0,90.0,HIGH
100059,37,Female,239107741,Premium,1,3515553,Sedan,8,2,No,11102,0,Office Worker,1,76.0,76.0,HIGH
100060,45,Male,166040331,Standard,4,12610247,Pickup,4,3,Yes,15754,2,Office Worker,1,76.0,76.0,HIGH
100061,64,Female,183245513,Premium,2,10529827,SUV,5,3,Yes,39612,1,Teacher,1,76.67,76.67,HIGH
100062,24,Female,55320939,Basic,10,9647991,Sedan,2,0,Yes,36363,2,Teacher,1,64.67,64.67,MEDIUM
100063,61,Male,26805518,Premium,8,11849069,Pickup,0,2,No,11330,2,Teacher,0,69.0,69.0,MEDIUM
100064,25,Female,87155344,Standard,3,1176682,Sedan,10,3,No,3241,3,Business Owner,1,89.67,89.67,HIGH
100065,64,Male,120211225,Premium,7,3016987,Sedan,15,2,Yes,21747,1,Office Worker,1,84.67,84.67,HIGH
100066,52,Female,62177857,Standard,7,3909419,Pickup,11,1,No,3134,1,Business Owner,1,61.67,61.67,MEDIUM
100067,31,Male,62153969,Standard,9,11187823,Pickup,1,1,No,30835,0,Business Owner,1,70.33,70.33,HIGH
100068,34,Male,58495435,Premium,6,9485061,Pickup,7,0,No,23145,2,Driver,1,72.67,72.67,HIGH
100069,53,Female,52312498,Basic,1,1578078,Sedan,12,2,Yes,38394,1,Engineer,0,11.0,11.0,LOW
100070,67,Female,65076121,Basic,8,11823750,SUV,0,0,No,46084,1,Engineer,0,3.67,3.67,LOW
100071,57,Female,82021206,Standard,1,9797057,Hatchback,9,1,No,34119,3,Driver,1,88.67,88.67,HIGH
100072,21,Male,173222609,Standard,3,14120400,Hatchback,6,1,No,34093,1,Business Owner,1,89.0,89.0,HIGH
100073,19,Male,115185021,Premium,5,9965171,Sedan,4,2,No,10179,0,Student,1,59.67,59.67,MEDIUM
100074,23,Male,223605535,Basic,8,11441772,Sedan,15,0,No,37278,1,Office Worker,0,6.67,6.67,LOW
100075,59,Female,119257535,Standard,9,3566436,SUV,12,3,Yes,48813,0,Driver,1,92.33,92.33,HIGH
100076,21,Male,236925053,Standard,7,7118313,Pickup,5,1,No,22180,0,Teacher,0,6.67,6.67,LOW
100077,46,Male,45868901,Basic,9,4822379,Sedan,15,0,No,9907,0,Driver,1,72.0,72.0,HIGH
100078,35,Female,167813688,Standard,3,4450320,Motorcycle,7,0,No,40280,2,Driver,1,72.0,72.0,HIGH
100079,43,Male,85395758,Basic,5,4045236,Pickup,3,1,No,40070,1,Driver,1,71.0,71.0,HIGH
100080,61,Male,75516162,Basic,10,5810277,Sedan,5,4,No,46728,1,Engineer,1,70.67,70.67,HIGH
100081,51,Female,31736549,Premium,8,10851746,Motorcycle,13,1,No,7406,4,Business Owner,1,86.67,86.67,HIGH
100082,27,Male,73852189,Standard,1,9137083,SUV,10,0,No,33003,2,Driver,0,7.0,7.0,LOW
100083,53,Female,186241148,Standard,8,13164078,Motorcycle,2,1,No,22748,2,Driver,0,49.33,49.33,MEDIUM
100084,31,Female,76590272,Premium,7,13060390,Sedan,6,3,No,26152,3,Driver,1,77.67,77.67,HIGH
100085,48,Female,148370461,Standard,1,7032861,Hatchback,1,1,No,12591,1,Student,1,73.33,73.33,HIGH
100086,65,Female,108802796,Premium,10,3552387,Sedan,11,1,No,12742,1,Student,1,76.33,76.33,HIGH
100087,32,Female,82628639,Standard,10,4636402,Hatchback,7,1,No,6411,1,Office Worker,1,78.33,78.33,HIGH
100088,25,Male,39717083,Premium,6,13428706,SUV,12,0,Yes,19466,1,Business Owner,1,74.33,74.33,HIGH
100089,31,Male,135014356,Basic,1,13448441,SUV,6,1,No,41464,0,Driver,1,79.0,79.0,HIGH
100090,40,Female,55670201,Premium,2,1493496,Pickup,11,1,No,49531,1,Office Worker,1,64.0,64.0,MEDIUM
100091,57,Female,147224237,Basic,5,2519493,Pickup,11,1,No,32698,0,Teacher,1,86.33,86.33,HIGH
100092,38,Male,159070028,Basic,2,10657356,Hatchback,7,0,No,46880,2,Office Worker,1,67.67,67.67,MEDIUM
100093,33,Female,152599514,Standard,10,5164026,Hatchback,15,2,No,13475,4,Teacher,0,79.67,79.67,HIGH
100094,62,Female,165888931,Standard,1,12559637,SUV,1,0,No,34108,1,Teacher,1,71.67,71.67,HIGH
100095,35,Female,73393094,Standard,6,4714779,Motorcycle,2,1,No,21824,1,Business Owner,1,70.67,70.67,HIGH
100096,64,Male,87856981,Standard,8,2200413,Hatchback,15,1,No,8760,2,Student,1,79.67,79.67,HIGH
100097,70,Male,27750025,Standard,8,1831219,Hatchback,11,1,Yes,21166,2,Business Owner,1,74.67,74.67,HIGH
100098,41,Female,183780390,Basic,8,2955683,Motorcycle,3,1,No,49662,1,Office Worker,0,5.67,5.67,LOW
100099,43,Female,140064244,Basic,6,6250305,Pickup,11,4,No,34891,2,Teacher,1,89.67,89.67,HIGH
100100,42,Male,35478542,Basic,3,9663609,Pickup,8,0,Yes,28180,0,Business Owner,1,79.33,79.33,HIGH
100101,62,Male,64290062,Standard,1,6426723,Hatchback,11,0,No,42194,0,Student,0,6.67,6.67,LOW
100102,58,Female,145367491,Basic,2,6598023,Pickup,11,1,No,19088,1,Office Worker,0,9.0,9.0,LOW
100103,46,Female,128177695,Standard,5,10852844,Pickup,15,0,No,15525,0,Business Owner,0,8.33,8.33,LOW
100104,32,Male,71606102,Standard,10,6808625,Pickup,4,1,No,43674,1,Driver,0,5.67,5.67,LOW
100105,62,Male,221733814,Basic,5,5929405,SUV,5,0,No,11922,2,Driver,1,51.67,51.67,MEDIUM
100106,18,Male,25955205,Standard,10,5724044,Sedan,0,0,No,17282,0,Business Owner,0,49.0,49.0,MEDIUM
100107,42,Female,182661143,Premium,1,5305457,Hatchback,3,1,No,37846,2,Business Owner,0,7.0,7.0,LOW
100108,24,Male,136174995,Basic,1,7068174,Hatchback,13,2,No,20361,1,Teacher,1,92.67,92.67,HIGH
100109,26,Female,126629945,Standard,9,7483999,SUV,3,0,No,32586,1,Teacher,0,6.33,6.33,LOW
100110,41,Male,74172324,Standard,2,4083873,Sedan,9,1,No,43561,2,Student,1,84.67,84.67,HIGH
100111,18,Male,134985952,Standard,7,2329020,Sedan,7,1,Yes,4637,0,Office Worker,1,78.33,78.33,HIGH
100112,61,Male,152693191,Standard,10,9267102,SUV,7,0,Yes,16916,0,Business Owner,1,82.67,82.67,HIGH
100113,25,Male,158784320,Standard,4,1400717,Motorcycle,9,2,Yes,33926,2,Office Worker,1,82.33,82.33,HIGH
100114,41,Female,138774244,Standard,7,4147573,Motorcycle,5,2,No,45941,2,Driver,1,82.0,82.0,HIGH
100115,28,Female,66130558,Basic,8,10556526,Sedan,7,3,No,22684,1,Office Worker,1,88.33,88.33,HIGH
100116,68,Male,85148245,Standard,5,8117069,Motorcycle,8,0,Yes,39772,0,Engineer,1,83.33,83.33,HIGH
100117,34,Female,169639045,Standard,1,7741935,Motorcycle,4,3,Yes,19966,1,Student,1,85.0,85.0,HIGH
100118,25,Male,197833660,Basic,4,10150262,Motorcycle,0,1,No,28035,2,Student,1,74.33,74.33,HIGH
100119,52,Male,42977748,Standard,10,7006172,Sedan,0,1,No,13168,0,Office Worker,0,6.0,6.0,LOW
100120,52,Male,82827935,Premium,3,1996270,Motorcycle,1,3,Yes,11475,1,Student,1,84.67,84.67,HIGH
100121,50,Male,75796110,Standard,10,9058430,Hatchback,1,0,Yes,30473,0,Office Worker,0,3.33,3.33,LOW
100122,22,Female,46646139,Standard,5,11734610,Sedan,4,1,Yes,38166,2,Office Worker,0,61.33,61.33,MEDIUM
100123,59,Male,192414903,Premium,10,4393416,SUV,6,1,No,37006,3,Driver,1,77.33,77.33,HIGH
100124,56,Male,220938093,Standard,10,3655844,Motorcycle,6,2,Yes,6466,0,Office Worker,1,90.0,90.0,HIGH
100125,58,Female,204733169,Standard,6,2595428,Pickup,14,2,No,24902,0,Student,1,85.67,85.67,HIGH
100126,45,Male,170051311,Standard,2,13156522,Sedan,3,3,No,8363,0,Engineer,1,61.33,61.33,MEDIUM
100127,24,Male,70214597,Premium,7,1974939,SUV,12,1,No,38934,0,Business Owner,1,90.33,90.33,HIGH
100128,26,Male,123437175,Standard,3,12493560,Hatchback,3,0,Yes,36547,2,Student,1,57.0,57.0,MEDIUM
100129,25,Female,83261869,Standard,1,6338139,SUV,13,1,No,5134,4,Engineer,1,88.33,88.33,HIGH
100130,29,Male,81342202,Standard,10,14755939,Motorcycle,13,3,No,44379,0,Student,1,85.33,85.33,HIGH
100131,51,Female,85993015,Premium,3,5634995,Pickup,10,2,No,29402,0,Engineer,1,90.33,90.33,HIGH
100132,50,Male,79935271,Standard,9,8357247,Motorcycle,14,0,Yes,30714,0,Student,1,93.33,93.33,HIGH
100133,65,Male,234288958,Basic,10,4928408,SUV,9,2,No,23073,0,Business Owner,1,84.33,84.33,HIGH
100134,40,Female,136501212,Premium,6,7362530,Sedan,2,3,No,17583,4,Driver,1,83.33,83.33,HIGH
100135,41,Male,204408972,Standard,6,10327811,Pickup,10,1,Yes,40723,0,Driver,1,86.67,86.67,HIGH
100136,54,Male,80472357,Basic,4,12118669,Pickup,1,1,No,44166,1,Business Owner,1,68.33,68.33,MEDIUM
100137,52,Female,161697745,Standard,8,8221414,SUV,15,2,No,26756,1,Student,1,62.33,62.33,MEDIUM
100138,61,Female,164033857,Standard,5,2752153,Motorcycle,2,3,No,22774,2,Engineer,1,74.0,74.0,HIGH
100139,57,Female,25917472,Premium,7,7398215,SUV,7,2,Yes,26634,0,Office Worker,1,88.33,88.33,HIGH
100140,39,Female,85998837,Basic,9,12662807,Pickup,14,2,Yes,34143,1,Student,1,71.67,71.67,HIGH
100141,44,Female,108055484,Premium,5,2856719,SUV,0,1,No,10249,0,Business Owner,0,8.33,8.33,LOW
100142,52,Male,45426495,Standard,5,2456851,Pickup,15,0,No,47830,2,Teacher,1,87.67,87.67,HIGH
100143,18,Female,152833637,Basic,4,6815566,Motorcycle,3,0,No,34268,0,Driver,0,39.67,39.67,MEDIUM
100144,52,Male,164233967,Premium,6,11224902,Sedan,6,1,No,6796,1,Driver,1,70.33,70.33,HIGH
100145,54,Male,85782618,Standard,2,6408249,Sedan,15,2,No,21918,0,Student,1,90.0,90.0,HIGH
100146,64,Male,145661643,Basic,3,12118352,SUV,4,1,No,21564,0,Engineer,0,54.33,54.33,MEDIUM
100147,31,Female,85727594,Standard,1,10542143,Pickup,1,0,Yes,33712,0,Business Owner,1,42.33,42.33,MEDIUM
100148,20,Female,245537946,Premium,2,8579349,Sedan,0,3,No,31786,1,Business Owner,0,9.0,9.0,LOW
100149,18,Male,236565116,Basic,2,4827573,Pickup,5,3,No,18312,2,Engineer,1,91.0,91.0,HIGH
100150,22,Female,220520969,Basic,8,6564991,Motorcycle,12,3,No,28973,0,Engineer,1,87.0,87.0,HIGH
100151,43,Female,49561090,Basic,8,2932811,SUV,12,1,Yes,16207,2,Student,1,90.0,90.0,HIGH
100152,31,Female,146658202,Basic,2,6372625,Pickup,15,1,Yes,4446,1,Student,1,89.0,89.0,HIGH
100153,56,Female,62204318,Standard,6,5248887,SUV,4,0,Yes,3951,0,Teacher,1,72.33,72.33,HIGH
100154,44,Male,198305486,Standard,5,2696941,Pickup,2,1,No,4717,1,Driver,1,53.33,53.33,MEDIUM
100155,26,Male,180441404,Basic,3,1444846,Pickup,10,0,No,41681,1,Driver,1,62.0,62.0,MEDIUM
100156,32,Female,49070924,Basic,5,2159935,Motorcycle,10,1,Yes,14390,1,Engineer,1,88.33,88.33,HIGH
100157,32,Male,46821296,Basic,5,13085710,SUV,14,3,Yes,24194,0,Office Worker,1,91.33,91.33,HIGH
100158,43,Female,126616418,Premium,5,5866148,Hatchback,15,2,Yes,18477,1,Office Worker,1,93.0,93.0,HIGH
100159,59,Female,121318451,Basic,3,5822724,Pickup,10,2,No,20980,1,Office Worker,1,81.67,81.67,HIGH
100160,30,Male,96772618,Premium,3,13049665,Pickup,8,0,Yes,33950,0,Business Owner,0,7.0,7.0,LOW
100161,68,Male,230844154,Standard,4,4204991,Sedan,2,0,No,9594,1,Student,0,8.33,8.33,LOW
100162,49,Male,182535124,Basic,7,11343771,SUV,15,1,No,47693,1,Engineer,0,8.0,8.0,LOW
100163,56,Female,169904690,Premium,2,10497848,Hatchback,1,0,No,22600,3,Driver,1,75.67,75.67,HIGH
100164,66,Male,158194677,Standard,10,11903656,Motorcycle,4,1,No,12098,1,Office Worker,0,53.0,53.0,MEDIUM
100165,69,Female,40808458,Standard,4,11371765,Hatchback,8,1,No,14942,0,Driver,0,5.33,5.33,LOW
100166,49,Male,83834845,Premium,4,6101210,Motorcycle,7,1,No,17012,1,Student,0,8.33,8.33,LOW
100167,21,Male,26193982,Basic,1,11392862,Hatchback,5,1,No,33702,0,Teacher,1,77.67,77.67,HIGH
100168,47,Female,101116475,Basic,10,4484840,Hatchback,2,2,No,48018,0,Teacher,1,79.33,79.33,HIGH
100169,54,Female,151022959,Standard,8,13455331,SUV,5,3,No,13346,0,Engineer,1,65.33,65.33,MEDIUM
100170,40,Female,216204130,Basic,1,7688064,Sedan,4,1,No,17428,0,Office Worker,1,41.33,41.33,MEDIUM
100171,56,Female,92615317,Basic,8,7746929,Hatchback,0,0,No,8755,0,Office Worker,1,70.33,70.33,HIGH
100172,62,Female,86767845,Basic,7,3921984,Pickup,4,3,No,48884,0,Teacher,1,77.0,77.0,HIGH
100173,32,Female,98657758,Basic,9,11915527,Pickup,13,1,No,9283,0,Engineer,1,67.0,67.0,MEDIUM
100174,60,Female,86647309,Standard,8,11251704,Pickup,6,0,No,4337,2,Driver,0,7.0,7.0,LOW
100175,46,Female,203684823,Basic,5,6137273,Sedan,8,0,Yes,46455,1,Student,1,88.0,88.0,HIGH
100176,53,Male,105137648,Standard,8,8427925,Hatchback,11,1,No,23857,1,Teacher,1,60.0,60.0,MEDIUM
100177,30,Female,77839391,Standard,10,1008981,Motorcycle,14,2,No,27936,1,Teacher,1,84.67,84.67,HIGH
100178,49,Female,192237535,Standard,3,4559976,Motorcycle,0,0,No,42594,0,Student,1,65.33,65.33,MEDIUM
100179,24,Male,57833206,Basic,10,7607691,SUV,2,3,No,30640,0,Student,1,81.0,81.0,HIGH
100180,68,Female,130740494,Standard,7,1107154,Sedan,7,1,Yes,41435,1,Teacher,1,86.67,86.67,HIGH
100181,39,Male,74975039,Basic,4,8626584,Hatchback,5,3,No,48697,0,Driver,1,89.33,89.33,HIGH
100182,45,Male,47961593,Standard,5,2728177,Pickup,12,1,No,19214,0,Driver,1,65.67,65.67,MEDIUM
100183,19,Female,28845474,Premium,9,14631290,Sedan,15,0,Yes,44532,1,Office Worker,1,75.0,75.0,HIGH
100184,59,Male,28924482,Standard,7,8816186,Sedan,4,2,No,29531,1,Driver,1,90.0,90.0,HIGH
100185,62,Female,196004612,Standard,4,14289377,Hatchback,12,0,Yes,11013,1,Business Owner,1,71.67,71.67,HIGH
100186,70,Male,248051604,Standard,6,13543142,SUV,9,1,Yes,38812,1,Engineer,1,93.0,93.0,HIGH
100187,23,Male,142402748,Standard,10,12726458,SUV,1,0,Yes,8018,3,Driver,1,46.33,46.33,MEDIUM
100188,45,Male,129953993,Premium,7,10440841,SUV,2,0,No,21617,2,Student,1,74.67,74.67,HIGH
100189,45,Female,91974034,Premium,10,3904814,Pickup,11,2,No,30868,0,Driver,1,82.33,82.33,HIGH
100190,61,Female,104243800,Basic,9,1936184,Pickup,15,1,Yes,43235,1,Office Worker,1,84.33,84.33,HIGH
100191,61,Male,54327427,Standard,4,12748102,Hatchback,1,1,No,45774,0,Engineer,0,6.0,6.0,LOW
100192,37,Male,82218588,Premium,10,3706171,SUV,0,3,Yes,34090,3,Engineer,1,83.33,83.33,HIGH
100193,47,Female,53905854,Premium,3,11128494,Hatchback,6,1,No,39809,0,Student,1,45.0,45.0,MEDIUM
100194,28,Female,220436562,Standard,8,5141747,SUV,13,1,Yes,4889,1,Engineer,1,85.67,85.67,HIGH
100195,45,Male,45589226,Standard,1,5857531,Sedan,2,0,Yes,27060,2,Business Owner,1,79.67,79.67,HIGH
100196,42,Male,244581889,Basic,9,11435379,Motorcycle,6,2,Yes,13091,0,Engineer,1,93.67,93.67,HIGH
100197,56,Female,110456969,Premium,1,9073934,Motorcycle,11,3,No,49283,1,Teacher,1,85.33,85.33,HIGH
100198,50,Female,82705020,Basic,2,6199895,SUV,6,1,No,22039,0,Student,1,71.0,71.0,HIGH
100199,18,Female,86119402,Standard,8,4443737,Hatchback,7,4,No,46289,7,Engineer,1,89.67,89.67,HIGH
100200,44,Female,95180504,Basic,9,1722300,Pickup,0,0,Yes,6718,0,Driver,1,71.0,71.0,HIGH
100201,69,Female,202706259,Basic,7,10957081,SUV,4,0,No,24919,0,Office Worker,1,33.67,33.67,MEDIUM
100202,30,Male,54998127,Standard,3,3135021,SUV,9,1,No,45016,1,Teacher,1,70.33,70.33,HIGH
100203,58,Female,172540178,Premium,7,8538009,Pickup,8,1,Yes,12698,1,Teacher,1,83.33,83.33,HIGH
100204,20,Male,42728138,Basic,6,5692489,SUV,11,3,Yes,37398,0,Driver,1,89.67,89.67,HIGH
100205,56,Female,151294710,Standard,2,14494516,Sedan,10,0,Yes,24444,0,Teacher,0,5.67,5.67,LOW
100206,23,Male,143873796,Basic,3,4246797,Pickup,6,2,No,20375,1,Business Owner,1,88.67,88.67,HIGH
100207,25,Female,59671806,Basic,10,13831489,Sedan,0,0,No,40358,0,Business Owner,0,6.0,6.0,LOW
100208,44,Female,128662906,Standard,10,6070447,Motorcycle,7,0,No,9866,1,Office Worker,0,64.33,64.33,MEDIUM
100209,26,Male,161516484,Standard,5,13911308,Pickup,2,3,Yes,31544,0,Office Worker,0,7.33,7.33,LOW
100210,54,Male,48877268,Basic,10,4487258,Pickup,12,2,No,44990,1,Office Worker,1,86.0,86.0,HIGH
100211,50,Female,212337483,Basic,4,11604488,Hatchback,3,4,No,7921,0,Office Worker,1,85.67,85.67,HIGH
100212,68,Female,130265027,Basic,2,14106758,Hatchback,3,2,Yes,49113,1,Engineer,1,88.67,88.67,HIGH
100213,59,Female,233500469,Basic,4,6268681,Pickup,14,1,No,44522,0,Teacher,1,86.67,86.67,HIGH
100214,61,Female,126648553,Premium,8,14325559,Motorcycle,9,2,No,35759,2,Driver,1,82.33,82.33,HIGH
100215,41,Female,143541779,Premium,5,7275080,SUV,13,2,Yes,25665,2,Business Owner,1,76.67,76.67,HIGH
100216,32,Male,35444453,Basic,5,7606870,Hatchback,11,2,No,27942,2,Engineer,1,94.0,94.0,HIGH
100217,49,Male,156676056,Standard,10,4610566,Motorcycle,7,1,No,9249,1,Office Worker,1,76.0,76.0,HIGH
100218,49,Female,42196045,Premium,3,12327727,Motorcycle,0,1,No,3793,2,Student,1,77.67,77.67,HIGH
100219,41,Male,75254111,Basic,8,11741320,Hatchback,7,2,No,30679,3,Student,1,75.33,75.33,HIGH
100220,58,Male,99149770,Premium,6,1768026,SUV,8,1,Yes,16993,0,Driver,1,83.33,83.33,HIGH
100221,69,Male,112324860,Premium,2,5926423,Hatchback,8,4,No,36754,1,Business Owner,1,87.0,87.0,HIGH
100222,66,Female,238830545,Basic,2,7307676,Motorcycle,4,2,No,28533,2,Business Owner,1,74.33,74.33,HIGH
100223,66,Male,239453402,Basic,9,14907024,Sedan,3,2,No,6595,0,Driver,0,6.67,6.67,LOW
100224,69,Female,244650741,Premium,7,8818835,Hatchback,3,1,No,5256,1,Office Worker,0,5.33,5.33,LOW
100225,29,Male,229282743,Standard,10,1395462,Motorcycle,8,1,No,15101,1,Office Worker,1,85.67,85.67,HIGH
100226,56,Female,43004438,Basic,9,10719338,Hatchback,14,1,Yes,49490,0,Teacher,1,93.33,93.33,HIGH
100227,19,Male,239950986,Basic,6,11612711,Motorcycle,7,1,Yes,32408,1,Business Owner,1,92.33,92.33,HIGH
100228,20,Female,206922068,Standard,5,10767686,SUV,9,3,Yes,33946,1,Business Owner,1,83.33,83.33,HIGH
100229,66,Female,53533675,Standard,1,1148306,Motorcycle,14,0,Yes,46182,3,Business Owner,1,80.67,80.67,HIGH
100230,54,Male,26543812,Standard,6,10271230,Pickup,9,2,Yes,39944,0,Office Worker,1,93.0,93.0,HIGH
100231,66,Female,39534056,Premium,6,4785811,Sedan,11,0,No,10961,1,Student,1,84.67,84.67,HIGH
100232,34,Female,107707002,Basic,3,5636971,Motorcycle,6,0,No,18416,3,Driver,0,7.33,7.33,LOW
100233,66,Female,66385470,Standard,3,4006374,Hatchback,15,0,No,41022,1,Driver,0,71.33,71.33,HIGH
100234,19,Female,182829976,Standard,3,7416679,Hatchback,11,0,No,11429,1,Engineer,1,85.33,85.33,HIGH
100235,19,Female,126528552,Standard,3,1522886,Motorcycle,2,3,No,16783,2,Engineer,1,80.67,80.67,HIGH
100236,45,Female,56356085,Basic,7,1599493,Pickup,3,3,Yes,27290,2,Student,1,85.67,85.67,HIGH
100237,40,Female,133612041,Premium,10,14530088,Motorcycle,14,2,No,48685,0,Business Owner,1,82.0,82.0,HIGH
100238,54,Female,159031186,Premium,2,6243962,SUV,15,3,No,37500,0,Student,1,92.0,92.0,HIGH
100239,49,Male,71988351,Standard,10,6647244,Pickup,8,1,Yes,47021,0,Engineer,1,87.33,87.33,HIGH
100240,50,Male,183063875,Standard,10,6401446,Motorcycle,13,1,No,36582,1,Teacher,0,8.67,8.67,LOW
100241,18,Female,191762688,Basic,2,11461159,Sedan,12,2,Yes,32285,1,Engineer,1,89.67,89.67,HIGH
100242,36,Female,96582311,Standard,3,6055829,Pickup,7,1,Yes,42803,3,Driver,1,88.33,88.33,HIGH
100243,19,Male,100759563,Standard,10,12848432,Motorcycle,11,0,Yes,4186,0,Student,1,87.33,87.33,HIGH
100244,70,Male,206858709,Standard,7,9367568,Sedan,11,1,No,21609,0,Office Worker,0,7.67,7.67,LOW
100245,61,Male,100900629,Premium,3,11522479,Motorcycle,0,1,No,12176,1,Engineer,0,3.33,3.33,LOW
100246,43,Female,98985777,Standard,7,5176213,SUV,15,0,No,28373,0,Driver,0,10.0,10.0,LOW
100247,49,Male,208655342,Standard,9,5243041,Hatchback,2,2,No,34955,3,Business Owner,1,78.67,78.67,HIGH
100248,23,Female,91190032,Standard,10,12987005,Motorcycle,13,3,Yes,24557,0,Student,1,78.67,78.67,HIGH
100249,49,Female,131803292,Basic,4,4840624,Pickup,15,2,No,31738,1,Engineer,1,90.67,90.67,HIGH
100250,21,Male,73294317,Standard,7,13764588,Motorcycle,11,5,No,28119,2,Office Worker,1,93.33,93.33,HIGH
100251,28,Female,217107149,Basic,9,8784081,Motorcycle,9,3,Yes,19903,1,Engineer,1,84.0,84.0,HIGH
100252,34,Female,107226579,Standard,8,5786431,Motorcycle,1,2,No,13738,3,Office Worker,0,7.33,7.33,LOW
100253,55,Female,149994671,Standard,8,12836405,Motorcycle,1,5,Yes,8041,1,Student,1,86.67,86.67,HIGH
100254,41,Female,132229088,Standard,9,9341353,Pickup,12,1,Yes,26254,3,Teacher,1,78.33,78.33,HIGH
100255,22,Male,227711414,Standard,5,9476353,Pickup,12,1,No,43527,0,Office Worker,1,84.0,84.0,HIGH
100256,69,Male,224433274,Standard,5,9514906,Motorcycle,7,0,No,12250,0,Office Worker,1,37.67,37.67,MEDIUM
100257,51,Female,77139050,Basic,3,7909453,Hatchback,5,1,No,29812,0,Driver,1,70.67,70.67,HIGH
100258,23,Female,94058766,Premium,5,11790191,Motorcycle,11,2,No,28688,1,Teacher,1,86.33,86.33,HIGH
100259,39,Male,135187275,Basic,8,4777268,Pickup,11,0,No,22790,1,Student,1,83.67,83.67,HIGH
100260,28,Female,99614055,Basic,5,5891447,SUV,11,3,No,3946,1,Engineer,0,83.0,83.0,HIGH
100261,65,Male,125588765,Standard,4,13954379,Motorcycle,12,2,No,39798,1,Teacher,1,79.67,79.67,HIGH
100262,33,Female,176238821,Basic,8,6197535,Motorcycle,5,0,No,11327,1,Business Owner,1,82.67,82.67,HIGH
100263,50,Female,179339970,Basic,7,6704411,Motorcycle,3,1,No,4136,0,Student,0,5.67,5.67,LOW
100264,26,Male,85267675,Standard,6,11176310,Motorcycle,0,0,No,34915,1,Teacher,1,69.33,69.33,MEDIUM
100265,23,Male,244024567,Standard,5,4585435,Sedan,10,3,No,28938,3,Student,1,79.0,79.0,HIGH
100266,33,Male,93870233,Standard,5,3317165,Motorcycle,6,1,No,3554,0,Business Owner,0,9.0,9.0,LOW
100267,46,Male,140479645,Premium,10,1799235,Pickup,7,2,No,26421,1,Engineer,1,80.67,80.67,HIGH
100268,20,Female,53413964,Standard,2,4326425,Pickup,15,0,No,16233,0,Driver,1,81.67,81.67,HIGH
100269,37,Male,148227084,Premium,4,13177443,Sedan,1,2,Yes,33893,0,Teacher,0,4.67,4.67,LOW
100270,53,Female,119488385,Basic,8,8171249,Motorcycle,1,3,No,39171,1,Engineer,1,78.33,78.33,HIGH
100271,36,Male,68410212,Standard,8,13596610,Hatchback,15,2,No,21638,2,Business Owner,1,84.0,84.0,HIGH
100272,43,Male,116448240,Premium,1,8243520,Motorcycle,0,0,No,3948,0,Engineer,1,70.67,70.67,HIGH
100273,20,Female,141017893,Standard,2,9403984,Pickup,3,0,No,35702,0,Student,1,72.0,72.0,HIGH
100274,36,Male,100495233,Standard,5,7768326,SUV,5,1,Yes,44063,1,Driver,1,82.67,82.67,HIGH
100275,37,Male,223889251,Standard,9,11761021,SUV,13,2,No,27193,2,Office Worker,1,85.0,85.0,HIGH
100276,49,Male,93967861,Basic,10,11722351,Hatchback,4,0,Yes,10207,0,Teacher,0,52.33,52.33,MEDIUM
100277,24,Male,113866329,Standard,7,8265341,Motorcycle,3,1,No,12238,1,Engineer,0,8.0,8.0,LOW
100278,69,Female,155310087,Standard,10,4194514,Sedan,13,3,No,10419,0,Office Worker,1,83.33,83.33,HIGH
100279,58,Female,164193195,Premium,5,7287206,Motorcycle,3,0,No,23410,0,Driver,0,48.33,48.33,MEDIUM
100280,50,Male,207212519,Basic,1,10025901,Hatchback,9,1,No,8956,2,Office Worker,0,5.33,5.33,LOW
100281,57,Male,160647018,Premium,6,13555425,Hatchback,14,2,No,17625,1,Engineer,1,85.67,85.67,HIGH
100282,56,Male,248292565,Premium,8,6461730,Hatchback,6,1,Yes,26753,1,Business Owner,1,80.33,80.33,HIGH
100283,35,Female,90026707,Basic,7,9717232,SUV,6,2,Yes,10322,1,Teacher,0,9.0,9.0,LOW
100284,57,Female,161338439,Basic,2,1687055,Motorcycle,1,1,No,5614,1,Student,0,4.33,4.33,LOW
100285,18,Female,42298460,Premium,5,13453351,Motorcycle,12,0,Yes,47291,1,Student,1,92.0,92.0,HIGH
100286,28,Female,232597863,Premium,4,14422577,Sedan,6,0,Yes,28539,0,Teacher,1,46.67,46.67,MEDIUM
100287,45,Male,210949145,Standard,9,2421742,Hatchback,1,2,No,6271,0,Office Worker,1,75.33,75.33,HIGH
100288,42,Male,119770077,Basic,10,2464294,Hatchback,3,0,No,12029,2,Student,1,76.33,76.33,HIGH
100289,67,Male,199685904,Standard,1,9831834,Pickup,14,0,No,8678,2,Teacher,1,74.67,74.67,HIGH
100290,40,Female,215468735,Standard,6,12493605,Pickup,0,0,Yes,22572,2,Teacher,1,68.67,68.67,MEDIUM
100291,48,Male,50653875,Basic,3,2515697,SUV,4,1,Yes,32095,1,Student,1,87.67,87.67,HIGH
100292,47,Female,58993871,Standard,9,2673783,Motorcycle,0,0,No,18571,1,Business Owner,0,4.0,4.0,LOW
100293,59,Female,38657005,Basic,5,11307149,Sedan,15,3,No,46162,2,Office Worker,1,79.67,79.67,HIGH
100294,52,Male,171223933,Basic,6,7765837,Sedan,3,1,No,22718,1,Business Owner,1,58.33,58.33,MEDIUM
100295,24,Male,172216106,Standard,9,5131608,Hatchback,12,0,Yes,18866,4,Business Owner,1,92.67,92.67,HIGH
100296,33,Male,126927430,Standard,9,1472803,Sedan,8,0,Yes,5198,0,Driver,1,82.67,82.67,HIGH
100297,43,Female,31767567,Basic,8,2534851,Hatchback,12,2,Yes,12407,3,Office Worker,1,82.0,82.0,HIGH
100298,65,Female,241882220,Standard,9,11695630,Motorcycle,11,2,No,12072,2,Business Owner,1,73.33,73.33,HIGH
100299,69,Male,191159290,Basic,4,1593695,Sedan,7,3,Yes,20138,0,Engineer,1,88.0,88.0,HIGH
100300,66,Male,72645934,Basic,6,2646673,Hatchback,5,0,No,8217,3,Student,1,81.33,81.33,HIGH
100301,19,Female,64314351,Basic,5,13862285,Motorcycle,14,0,Yes,34260,0,Office Worker,1,91.0,91.0,HIGH
100302,18,Male,26894554,Premium,5,5090617,Motorcycle,7,4,No,44660,1,Driver,1,73.67,73.67,HIGH
100303,65,Female,239430900,Standard,4,3663616,Hatchback,4,3,Yes,13411,1,Business Owner,1,88.67,88.67,HIGH
100304,29,Female,240063766,Standard,2,5813417,Hatchback,6,0,No,36138,1,Engineer,1,76.0,76.0,HIGH
100305,22,Male,181850263,Standard,6,6115068,SUV,7,2,Yes,37500,0,Student,1,85.33,85.33,HIGH
100306,54,Male,66159935,Premium,9,4243283,Motorcycle,6,3,No,8259,0,Student,1,83.67,83.67,HIGH
100307,49,Male,25947272,Basic,1,5721737,Hatchback,13,1,No,32584,2,Engineer,1,78.33,78.33,HIGH
100308,26,Male,81062130,Standard,7,10534473,Motorcycle,3,1,Yes,17116,1,Office Worker,0,7.67,7.67,LOW
100309,58,Female,153960723,Standard,6,11100346,Sedan,4,2,No,25783,1,Student,1,77.67,77.67,HIGH
100310,52,Female,148381540,Standard,3,1420129,Pickup,12,2,No,44949,2,Student,1,79.67,79.67,HIGH
100311,36,Female,121060649,Basic,1,7349244,Pickup,13,0,No,24155,1,Student,0,5.0,5.0,LOW
100312,65,Male,40942096,Standard,4,6906395,Hatchback,9,0,No,35389,0,Teacher,0,60.67,60.67,MEDIUM
100313,33,Female,199116062,Basic,9,4802010,Hatchback,5,0,No,36183,0,Business Owner,1,78.67,78.67,HIGH
100314,20,Male,179114678,Standard,2,12213351,Motorcycle,13,2,Yes,34048,0,Business Owner,1,93.33,93.33,HIGH
100315,37,Male,143152455,Standard,3,5346048,Hatchback,13,1,Yes,35121,2,Student,1,86.0,86.0,HIGH
100316,41,Male,39058702,Basic,2,6412478,Motorcycle,11,0,No,30541,2,Driver,1,55.67,55.67,MEDIUM
100317,50,Male,174842526,Premium,2,2880352,Hatchback,15,1,No,39105,1,Teacher,1,87.33,87.33,HIGH
100318,41,Male,136289204,Basic,10,6103555,Motorcycle,10,2,Yes,24642,1,Student,1,89.0,89.0,HIGH
100319,69,Male,37613997,Premium,8,9800838,Hatchback,5,0,No,43795,1,Office Worker,1,68.33,68.33,MEDIUM
100320,28,Female,122835283,Standard,3,4743368,SUV,12,3,Yes,40825,1,Teacher,1,91.0,91.0,HIGH
100321,66,Male,175354299,Basic,7,7775951,Motorcycle,8,3,No,42735,1,Driver,1,84.67,84.67,HIGH
100322,25,Female,44398374,Basic,8,4448196,SUV,9,4,No,37388,2,Office Worker,1,79.33,79.33,HIGH
100323,53,Female,187535030,Premium,3,10944929,SUV,13,0,No,31920,1,Engineer,1,75.67,75.67,HIGH
100324,55,Male,115029323,Basic,2,12366267,SUV,13,0,Yes,43761,1,Engineer,0,7.67,7.67,LOW
100325,57,Male,44215280,Basic,8,4372438,SUV,1,2,No,34027,2,Business Owner,1,77.0,77.0,HIGH
100326,37,Male,215304016,Basic,3,5888362,Sedan,5,2,No,33480,1,Teacher,1,87.0,87.0,HIGH
100327,52,Female,197002367,Standard,7,8155057,Pickup,12,0,No,10386,0,Business Owner,1,75.67,75.67,HIGH
100328,65,Male,97555305,Standard,1,4955544,Sedan,2,1,Yes,40661,1,Business Owner,1,84.67,84.67,HIGH
100329,42,Female,26998173,Basic,6,5722104,Hatchback,13,1,No,24480,1,Teacher,1,85.67,85.67,HIGH
100330,52,Male,122081234,Basic,9,13457906,Hatchback,1,3,No,40624,0,Engineer,0,10.67,10.67,LOW
100331,42,Male,247810605,Basic,3,7978316,Pickup,5,1,No,6655,1,Teacher,0,11.67,11.67,LOW
100332,46,Female,70516298,Basic,7,12658111,Pickup,3,1,No,27868,0,Office Worker,0,2.67,2.67,LOW
100333,35,Female,194262177,Standard,6,9467351,Pickup,4,2,No,34129,1,Driver,1,76.33,76.33,HIGH
100334,63,Male,61657073,Standard,8,9736394,SUV,4,0,Yes,19463,0,Business Owner,0,4.67,4.67,LOW
100335,35,Female,202030214,Basic,3,3488883,Sedan,2,2,No,33080,0,Engineer,0,7.67,7.67,LOW
100336,19,Female,125043115,Standard,3,9992754,Hatchback,15,1,No,48192,1,Business Owner,1,93.67,93.67,HIGH
100337,52,Female,210190969,Standard,4,6748413,Sedan,11,1,No,7308,1,Student,1,73.67,73.67,HIGH
100338,33,Female,204812129,Premium,3,9342490,Sedan,3,2,No,21246,0,Driver,1,77.0,77.0,HIGH
100339,58,Female,185850682,Premium,9,7478688,Sedan,2,1,Yes,36386,1,Office Worker,0,9.67,9.67,LOW
100340,53,Male,160751955,Premium,4,11413929,Pickup,6,1,No,14470,1,Business Owner,0,5.67,5.67,LOW
100341,50,Male,104723877,Basic,6,10117535,Pickup,14,0,No,43882,1,Student,1,58.33,58.33,MEDIUM
100342,21,Female,45974295,Basic,8,14764359,Hatchback,15,0,No,15188,1,Student,1,87.0,87.0,HIGH
100343,50,Male,190262217,Basic,8,5313399,Hatchback,0,1,No,13669,3,Driver,0,59.67,59.67,MEDIUM
100344,31,Male,77919199,Basic,5,10997020,Hatchback,15,3,No,14443,0,Engineer,1,90.33,90.33,HIGH
100345,38,Female,207497843,Standard,5,1951399,Sedan,14,0,No,22629,1,Engineer,0,5.67,5.67,LOW
100346,65,Male,29109070,Standard,6,7381906,Pickup,15,2,No,29954,1,Business Owner,1,89.33,89.33,HIGH
100347,37,Female,120672804,Premium,10,13164293,SUV,5,2,No,10235,2,Business Owner,0,8.0,8.0,LOW
100348,25,Female,153339027,Premium,7,10255211,Sedan,3,3,No,12914,1,Engineer,0,6.33,6.33,LOW
100349,24,Male,177801154,Standard,10,3404710,Motorcycle,15,2,No,45849,0,Office Worker,1,92.33,92.33,HIGH
100350,20,Female,230315876,Standard,7,13131695,Sedan,0,1,Yes,31547,0,Office Worker,0,5.67,5.67,LOW
100351,34,Female,64911037,Basic,4,8977128,Pickup,0,0,No,14593,0,Student,0,48.67,48.67,MEDIUM
100352,50,Female,201187384,Basic,6,3845653,Motorcycle,4,1,No,43928,0,Driver,1,66.33,66.33,MEDIUM
100353,65,Female,154972007,Standard,7,4112959,Sedan,13,2,No,30885,2,Office Worker,1,82.0,82.0,HIGH
100354,29,Female,248044167,Basic,5,5460745,Pickup,4,0,No,12291,3,Business Owner,1,66.67,66.67,MEDIUM
100355,68,Male,34622823,Standard,5,14216713,Pickup,9,4,Yes,47978,0,Office Worker,1,84.33,84.33,HIGH
100356,39,Male,62392619,Basic,2,9387827,SUV,6,2,No,7132,2,Driver,1,83.67,83.67,HIGH
100357,39,Female,146841719,Standard,7,13449436,Sedan,12,2,Yes,34683,1,Business Owner,1,88.67,88.67,HIGH
100358,63,Female,156303318,Standard,6,8438784,Pickup,11,3,Yes,3844,1,Driver,1,86.33,86.33,HIGH
100359,47,Male,232417703,Basic,1,11621840,Hatchback,3,1,No,34869,1,Engineer,0,4.67,4.67,LOW
100360,55,Female,109924298,Premium,4,9606493,Pickup,13,3,No,34516,0,Driver,0,74.33,74.33,HIGH
100361,55,Male,84072621,Basic,3,13730804,SUV,8,0,No,37411,0,Driver,1,71.67,71.67,HIGH
100362,62,Female,48969983,Standard,3,9853372,Pickup,3,5,Yes,37031,2,Driver,1,87.33,87.33,HIGH
100363,68,Female,237099975,Standard,7,3250477,Sedan,6,1,No,38702,2,Business Owner,1,77.33,77.33,HIGH
100364,25,Female,163327132,Standard,10,11908178,Sedan,4,2,No,25523,1,Driver,1,80.33,80.33,HIGH
100365,44,Female,218299293,Premium,4,14529652,Motorcycle,14,0,Yes,42942,0,Driver,1,86.0,86.0,HIGH
100366,44,Female,113136247,Basic,8,9980052,Sedan,15,0,No,35983,2,Teacher,1,79.0,79.0,HIGH
100367,51,Female,45096059,Standard,9,13301584,Motorcycle,4,1,Yes,7776,1,Teacher,1,86.33,86.33,HIGH
100368,38,Female,85637833,Standard,3,11481069,Hatchback,5,0,No,21724,0,Student,0,6.67,6.67,LOW
100369,47,Male,52758630,Premium,5,5254567,SUV,7,1,No,17100,3,Business Owner,1,80.0,80.0,HIGH
100370,50,Male,208909424,Basic,4,5051156,Hatchback,14,2,No,45467,0,Teacher,1,83.67,83.67,HIGH
100371,45,Male,201938403,Standard,10,7914996,Motorcycle,4,0,No,36884,1,Driver,1,65.33,65.33,MEDIUM
100372,64,Female,235428540,Standard,6,2167208,Pickup,14,1,No,43518,1,Office Worker,1,80.0,80.0,HIGH
100373,50,Female,25278495,Basic,10,9201319,Pickup,2,2,No,49348,2,Driver,0,9.67,9.67,LOW
100374,22,Female,187664483,Standard,4,7308031,Hatchback,5,1,No,16932,0,Office Worker,0,5.67,5.67,LOW
100375,65,Female,123814052,Basic,8,2322924,Pickup,13,4,No,46700,2,Engineer,1,91.67,91.67,HIGH
100376,36,Female,218769241,Standard,3,10449136,Motorcycle,11,3,No,24718,0,Engineer,1,80.67,80.67,HIGH
100377,21,Female,124806723,Premium,5,10957010,SUV,13,3,No,49014,1,Business Owner,1,94.0,94.0,HIGH
100378,52,Female,119153950,Standard,1,12617659,Sedan,1,0,Yes,22640,0,Business Owner,0,45.33,45.33,MEDIUM
100379,66,Male,140119441,Standard,6,9046534,Motorcycle,11,1,Yes,45108,0,Engineer,1,94.67,94.67,HIGH
100380,34,Female,154472447,Standard,5,6407824,Motorcycle,11,1,No,22560,1,Business Owner,0,6.67,6.67,LOW
100381,61,Male,85043429,Basic,8,7976192,Sedan,7,3,Yes,9380,1,Office Worker,1,87.33,87.33,HIGH
100382,45,Male,249020862,Basic,9,2770020,Sedan,7,3,No,31829,0,Office Worker,1,82.67,82.67,HIGH
100383,47,Female,236437399,Standard,8,9531320,SUV,14,2,No,32579,2,Student,0,9.0,9.0,LOW
100384,46,Female,153528254,Basic,8,13871493,SUV,2,6,No,33200,1,Business Owner,1,83.67,83.67,HIGH
100385,63,Male,116766135,Basic,3,9515737,SUV,11,1,No,22729,0,Business Owner,1,83.67,83.67,HIGH
100386,70,Male,111916566,Standard,4,10262721,Pickup,7,0,No,31537,3,Student,1,85.67,85.67,HIGH
100387,23,Female,179974997,Basic,4,13888437,Motorcycle,8,0,Yes,45100,5,Driver,1,84.33,84.33,HIGH
100388,52,Female,227026625,Basic,5,9155012,Sedan,4,0,No,27125,0,Office Worker,0,2.67,2.67,LOW
100389,58,Male,97216606,Standard,9,1443172,Motorcycle,4,2,No,8655,0,Driver,1,76.67,76.67,HIGH
100390,54,Female,107358282,Basic,9,10380638,Motorcycle,5,4,Yes,5448,3,Teacher,1,84.33,84.33,HIGH
100391,41,Female,28901403,Premium,10,14118667,SUV,6,1,Yes,17185,1,Student,1,85.67,85.67,HIGH
100392,46,Female,158061821,Premium,1,9708706,SUV,2,0,Yes,20211,3,Teacher,1,70.33,70.33,HIGH
100393,66,Male,77177348,Standard,8,13868957,Motorcycle,4,2,Yes,25280,0,Teacher,0,69.33,69.33,MEDIUM
100394,63,Male,201076991,Basic,1,3022063,SUV,0,0,Yes,36971,0,Business Owner,0,5.0,5.0,LOW
100395,70,Male,103164453,Standard,2,9149765,Pickup,10,0,No,42387,0,Driver,1,67.0,67.0,MEDIUM
100396,48,Female,156237129,Premium,7,1757902,Sedan,9,1,No,9798,1,Business Owner,0,4.33,4.33,LOW
100397,52,Female,48659943,Standard,8,8163068,Motorcycle,4,1,No,20228,1,Student,0,48.33,48.33,MEDIUM
100398,50,Male,106942765,Basic,1,13128527,Sedan,3,1,Yes,38739,1,Engineer,1,76.0,76.0,HIGH
100399,69,Male,38490091,Standard,3,1366099,Pickup,0,1,No,37036,2,Business Owner,1,79.0,79.0,HIGH
100400,38,Male,126534831,Premium,7,6128012,SUV,6,3,No,32309,0,Teacher,1,87.0,87.0,HIGH
100401,49,Female,236498811,Standard,9,5738347,Hatchback,14,1,No,7744,1,Teacher,0,62.67,62.67,MEDIUM
100402,40,Male,241184253,Standard,8,14953449,Pickup,0,1,No,43503,1,Driver,1,50.0,50.0,MEDIUM
100403,50,Male,26742166,Standard,8,8079981,Hatchback,12,2,No,17548,0,Driver,1,75.0,75.0,HIGH
100404,20,Female,109921488,Standard,9,9644702,Sedan,7,1,No,45589,0,Student,1,84.67,84.67,HIGH
100405,35,Female,43238528,Basic,10,11319935,Motorcycle,15,1,No,6530,1,Driver,1,88.0,88.0,HIGH
100406,42,Female,119850294,Standard,3,6527964,SUV,13,1,Yes,40853,2,Office Worker,1,86.33,86.33,HIGH
100407,59,Male,225723166,Basic,8,13525186,Pickup,9,0,No,11995,0,Business Owner,0,7.0,7.0,LOW
100408,48,Female,113940009,Standard,1,5893704,SUV,11,2,No,27703,0,Teacher,1,84.67,84.67,HIGH
100409,20,Female,67439480,Basic,8,6895882,Hatchback,1,0,Yes,28527,1,Office Worker,0,4.33,4.33,LOW
100410,57,Male,143912438,Standard,7,6851605,Hatchback,9,2,No,38032,3,Student,1,91.67,91.67,HIGH
100411,63,Female,162091252,Basic,8,13938025,Motorcycle,12,1,No,34430,1,Teacher,1,90.33,90.33,HIGH
100412,41,Male,212291831,Standard,1,6330605,Hatchback,11,2,No,3019,0,Office Worker,1,85.67,85.67,HIGH
100413,67,Male,245373217,Standard,6,8717960,Motorcycle,4,0,Yes,48730,2,Office Worker,1,89.33,89.33,HIGH
100414,49,Female,114899784,Basic,7,5304979,Pickup,12,2,Yes,26241,1,Teacher,1,89.67,89.67,HIGH
100415,64,Female,38855509,Basic,5,13677178,Motorcycle,5,3,No,10296,1,Business Owner,1,67.33,67.33,MEDIUM
100416,39,Female,186087372,Basic,5,6514260,Hatchback,8,2,No,19333,0,Business Owner,1,90.67,90.67,HIGH
100417,40,Female,173444248,Premium,7,3956181,Sedan,14,0,No,44516,2,Engineer,1,83.33,83.33,HIGH
100418,19,Female,75627247,Standard,3,6458076,Motorcycle,13,1,No,21628,3,Office Worker,1,89.33,89.33,HIGH
100419,44,Female,227883601,Standard,6,7426430,SUV,6,0,No,22367,2,Business Owner,1,71.0,71.0,HIGH
100420,59,Male,206300594,Basic,7,13879420,Sedan,5,2,No,14755,1,Office Worker,1,86.0,86.0,HIGH
100421,19,Male,141175783,Standard,1,8971391,Motorcycle,4,3,No,38493,0,Office Worker,0,80.33,80.33,HIGH
100422,43,Female,193370064,Premium,2,13573508,SUV,5,1,No,24750,1,Student,1,75.33,75.33,HIGH
100423,34,Male,238472654,Premium,4,2016487,Sedan,14,1,No,16025,0,Student,0,5.67,5.67,LOW
100424,57,Female,75448489,Standard,8,8696586,Motorcycle,13,1,Yes,7887,1,Teacher,1,84.0,84.0,HIGH
100425,50,Male,30907726,Basic,10,7434548,Pickup,10,4,No,16658,1,Office Worker,1,80.67,80.67,HIGH
100426,26,Male,218107918,Basic,6,4728489,SUV,3,1,No,8226,1,Student,1,82.33,82.33,HIGH
100427,60,Male,188306302,Basic,1,5435776,Pickup,0,1,No,38596,2,Teacher,1,72.67,72.67,HIGH
100428,65,Female,30826038,Basic,10,10609533,Hatchback,14,0,No,48799,0,Business Owner,1,66.0,66.0,MEDIUM
100429,56,Male,143575782,Basic,5,11441909,Motorcycle,11,1,No,6988,1,Office Worker,1,75.67,75.67,HIGH
100430,46,Female,25237068,Basic,7,5494950,Motorcycle,8,1,No,24663,1,Student,1,79.0,79.0,HIGH
100431,59,Male,248128400,Standard,6,13598587,SUV,15,2,No,21853,2,Business Owner,1,89.67,89.67,HIGH
100432,43,Male,90113119,Premium,9,9281901,Motorcycle,10,0,No,21014,1,Office Worker,0,3.67,3.67,LOW
100433,52,Male,87359944,Standard,8,14749872,Hatchback,4,1,Yes,17239,1,Teacher,1,80.0,80.0,HIGH
100434,67,Male,37537895,Premium,4,2126805,Motorcycle,7,1,Yes,39046,1,Office Worker,1,88.33,88.33,HIGH
100435,42,Male,92960025,Standard,5,3804660,Sedan,6,0,No,21422,2,Student,1,79.0,79.0,HIGH
100436,41,Female,57927450,Basic,7,6594181,Pickup,7,1,No,24816,1,Business Owner,1,81.0,81.0,HIGH
100437,30,Female,122754068,Standard,8,10657503,Hatchback,0,2,No,30055,2,Office Worker,1,69.0,69.0,MEDIUM
100438,24,Male,247876753,Basic,5,2678575,Hatchback,8,2,No,9470,0,Office Worker,1,87.67,87.67,HIGH
100439,53,Male,168311692,Standard,9,8974410,Pickup,0,2,Yes,26461,2,Teacher,1,61.67,61.67,MEDIUM
100440,62,Male,158380296,Basic,10,5025481,Pickup,2,1,No,48534,1,Engineer,1,71.67,71.67,HIGH
100441,37,Male,221197803,Premium,4,7228462,Hatchback,7,3,No,7761,2,Office Worker,0,66.33,66.33,MEDIUM
100442,18,Female,135511314,Basic,4,9340134,Pickup,11,3,Yes,24603,0,Engineer,0,87.33,87.33,HIGH
100443,25,Male,167088635,Basic,8,8017718,SUV,10,1,Yes,37155,2,Engineer,1,90.0,90.0,HIGH
100444,63,Female,235040134,Premium,1,12298657,Pickup,0,0,No,24996,2,Business Owner,0,5.67,5.67,LOW
100445,33,Male,228129058,Basic,8,7061598,Sedan,13,1,No,42978,1,Driver,1,70.0,70.0,HIGH
100446,31,Female,238536815,Standard,5,10491979,Sedan,0,0,Yes,36342,1,Teacher,1,75.67,75.67,HIGH
100447,29,Male,161600593,Standard,1,9297714,SUV,5,1,No,12913,3,Engineer,1,83.67,83.67,HIGH
100448,68,Male,92573174,Premium,4,6613163,Pickup,4,0,No,44978,2,Business Owner,0,8.67,8.67,LOW
100449,40,Female,72376166,Premium,2,1734543,Sedan,10,2,No,43564,1,Teacher,1,86.67,86.67,HIGH
100450,32,Male,95823619,Premium,4,13686757,Motorcycle,5,1,No,32999,1,Student,1,76.67,76.67,HIGH
100451,45,Male,201718010,Basic,8,2360706,Pickup,2,2,No,34748,2,Engineer,1,58.0,58.0,MEDIUM
100452,51,Male,78459288,Premium,5,10349313,SUV,9,2,Yes,35331,1,Driver,1,90.67,90.67,HIGH
100453,19,Female,84488479,Standard,1,14543731,Pickup,11,0,Yes,47380,0,Student,1,83.33,83.33,HIGH
100454,49,Male,29303677,Standard,7,4987338,Hatchback,9,1,No,37224,1,Teacher,1,83.33,83.33,HIGH
100455,40,Male,146539047,Basic,1,4924248,Hatchback,5,2,No,37363,2,Engineer,1,71.33,71.33,HIGH
100456,39,Female,63307724,Standard,9,4399458,Sedan,1,0,No,27692,0,Engineer,1,37.0,37.0,MEDIUM
100457,68,Female,88925100,Premium,3,10640610,Hatchback,7,1,No,10986,1,Driver,1,63.33,63.33,MEDIUM
100458,42,Female,84892560,Premium,3,6060373,SUV,14,2,No,16146,1,Office Worker,1,91.67,91.67,HIGH
100459,39,Male,48005168,Standard,6,4019684,Sedan,11,1,Yes,45810,0,Driver,0,8.67,8.67,LOW
100460,39,Male,241859876,Basic,10,11715093,SUV,5,1,No,36599,0,Business Owner,1,82.33,82.33,HIGH
100461,66,Male,68586949,Standard,6,14413066,SUV,12,0,Yes,24352,0,Business Owner,1,77.0,77.0,HIGH
100462,69,Female,47451154,Premium,6,12358815,Hatchback,15,0,No,13973,1,Driver,1,73.0,73.0,HIGH
100463,59,Male,234335884,Standard,1,13956130,Hatchback,12,0,Yes,21501,1,Driver,1,86.67,86.67,HIGH
100464,23,Male,97217592,Standard,5,5671212,SUV,3,3,Yes,23866,1,Driver,1,88.67,88.67,HIGH
100465,32,Female,80392443,Basic,6,11656711,Hatchback,3,1,Yes,21390,0,Driver,1,72.67,72.67,HIGH
100466,60,Female,248872857,Standard,8,1248595,Hatchback,13,2,No,46531,0,Driver,1,73.0,73.0,HIGH
100467,54,Female,109805214,Standard,1,11340969,Hatchback,10,0,Yes,44256,2,Engineer,1,84.0,84.0,HIGH
100468,50,Female,144296309,Premium,5,8968737,Pickup,6,3,No,42528,1,Teacher,0,6.67,6.67,LOW
100469,25,Female,206791875,Standard,3,9194563,SUV,13,0,No,44678,2,Teacher,1,79.33,79.33,HIGH
100470,70,Male,165597243,Basic,2,3276881,Motorcycle,15,1,No,30712,1,Student,1,82.0,82.0,HIGH
100471,61,Female,182484703,Standard,8,8479602,SUV,2,0,No,8694,2,Business Owner,1,37.33,37.33,MEDIUM
100472,61,Male,151340282,Basic,7,7496195,Sedan,10,2,No,22463,1,Business Owner,1,88.0,88.0,HIGH
100473,22,Male,94679589,Premium,10,6530131,Hatchback,2,0,No,24662,0,Teacher,1,80.0,80.0,HIGH
100474,56,Female,53576958,Standard,7,1920200,Hatchback,5,1,No,3010,0,Teacher,0,7.33,7.33,LOW
100475,21,Female,60980709,Standard,5,10228879,Motorcycle,8,5,No,40648,0,Student,1,69.0,69.0,MEDIUM
100476,23,Female,206262455,Standard,9,13147865,Sedan,0,0,No,30515,0,Driver,0,5.0,5.0,LOW
100477,62,Male,198097012,Standard,5,10984869,Pickup,4,1,No,13846,2,Teacher,0,6.67,6.67,LOW
100478,49,Female,148021021,Standard,2,10426371,SUV,0,1,No,49285,2,Teacher,0,5.33,5.33,LOW
100479,69,Female,204361218,Standard,3,14622440,Pickup,0,1,No,31026,1,Student,1,73.67,73.67,HIGH
100480,47,Female,159045083,Basic,4,13337210,Sedan,2,2,No,19982,2,Driver,0,6.0,6.0,LOW
100481,64,Female,160535349,Basic,5,3816300,Motorcycle,2,2,No,20207,0,Business Owner,1,54.0,54.0,MEDIUM
100482,52,Female,81740577,Basic,3,2178152,Sedan,3,1,Yes,46357,1,Teacher,1,85.33,85.33,HIGH
100483,57,Male,146078479,Standard,7,5204069,Motorcycle,2,2,Yes,40985,3,Office Worker,1,81.33,81.33,HIGH
100484,69,Male,178362837,Basic,5,4523700,Pickup,5,1,No,42854,1,Business Owner,1,76.33,76.33,HIGH
100485,33,Male,202601119,Standard,5,3107154,Pickup,11,4,No,15306,2,Business Owner,1,89.33,89.33,HIGH
100486,30,Female,248869948,Premium,6,11221325,Sedan,14,2,Yes,3312,1,Office Worker,1,89.67,89.67,HIGH
100487,67,Female,85619173,Premium,7,2846398,Sedan,3,0,No,46934,1,Student,0,6.67,6.67,LOW
100488,59,Female,164270855,Standard,10,3272660,Hatchback,7,3,No,9671,1,Engineer,1,63.33,63.33,MEDIUM
100489,47,Male,62625927,Standard,10,6501326,Motorcycle,0,3,No,26084,2,Driver,1,76.67,76.67,HIGH
100490,36,Female,102314232,Basic,8,1477698,Hatchback,7,1,No,47698,0,Driver,1,77.67,77.67,HIGH
100491,34,Female,178085957,Standard,9,4132196,SUV,10,1,No,38260,0,Business Owner,1,79.67,79.67,HIGH
100492,36,Female,37019231,Premium,4,7537076,SUV,0,1,No,45905,2,Office Worker,1,74.33,74.33,HIGH
100493,45,Male,230008482,Basic,5,9919537,Sedan,10,0,No,19614,1,Business Owner,0,8.67,8.67,LOW
100494,43,Female,30991305,Standard,5,12961261,Pickup,0,0,No,13864,1,Business Owner,1,34.67,34.67,MEDIUM
100495,54,Male,106540863,Premium,8,7723981,SUV,6,2,No,18224,2,Teacher,1,83.0,83.0,HIGH
100496,43,Female,130300666,Premium,9,4423496,SUV,0,3,No,47414,0,Student,0,7.67,7.67,LOW
100497,70,Male,132289675,Basic,7,4155694,Hatchback,8,0,No,47543,0,Driver,1,77.67,77.67,HIGH
100498,40,Male,205233018,Standard,5,3317574,Hatchback,13,2,Yes,3043,1,Engineer,1,94.0,94.0,HIGH
100499,26,Male,165105502,Basic,3,14796749,SUV,14,0,Yes,43300,0,Office Worker,1,83.33,83.33,HIGH
100500,29,Female,71055772,Basic,1,11485460,Sedan,7,0,No,27476,1,Engineer,0,7.0,7.0,LOW
100501,70,Female,222252350,Premium,9,11450446,Hatchback,12,1,No,30500,0,Office Worker,1,70.0,70.0,HIGH
100502,18,Male,133015428,Premium,5,12125171,SUV,14,3,No,31269,2,Driver,1,91.0,91.0,HIGH
100503,18,Male,240277245,Standard,9,14078433,Pickup,0,0,No,22841,3,Student,1,77.0,77.0,HIGH
100504,64,Female,244136307,Basic,10,14971815,Hatchback,1,1,No,41152,1,Engineer,1,75.67,75.67,HIGH
100505,51,Female,230147480,Premium,4,12244672,SUV,1,1,Yes,33931,1,Office Worker,0,4.67,4.67,LOW
100506,49,Male,133393598,Standard,5,10442143,Motorcycle,1,4,No,8615,0,Business Owner,1,77.33,77.33,HIGH
100507,65,Female,166752232,Basic,4,7187641,Hatchback,5,0,No,30961,2,Driver,0,69.33,69.33,MEDIUM
100508,42,Female,36364638,Standard,2,14597936,Motorcycle,3,0,No,35513,0,Student,0,4.33,4.33,LOW
100509,57,Female,156887869,Basic,1,11798706,Hatchback,7,0,Yes,24890,0,Teacher,1,62.0,62.0,MEDIUM
100510,62,Female,111217428,Standard,8,14588164,Hatchback,0,1,No,29870,1,Business Owner,0,4.67,4.67,LOW
100511,70,Male,119287443,Standard,4,7346502,Motorcycle,14,2,No,38763,0,Student,1,87.67,87.67,HIGH
100512,18,Female,138529214,Basic,5,6232774,Sedan,9,1,No,48876,0,Office Worker,1,82.67,82.67,HIGH
100513,33,Female,81896917,Basic,6,11194737,SUV,13,1,No,47327,2,Business Owner,1,74.0,74.0,HIGH
100514,56,Male,32199107,Basic,8,14622001,Sedan,3,2,Yes,46302,0,Teacher,1,85.67,85.67,HIGH
100515,22,Male,27806284,Basic,8,2405313,Sedan,15,1,No,27746,1,Teacher,0,9.67,9.67,LOW
100516,39,Female,187270121,Standard,7,11913070,SUV,9,0,No,40109,3,Student,1,74.33,74.33,HIGH
100517,46,Female,207943345,Premium,4,13228365,Pickup,10,1,No,32836,1,Driver,1,76.67,76.67,HIGH
100518,20,Female,35002707,Basic,6,5361502,Sedan,4,1,No,12831,3,Engineer,0,9.67,9.67,LOW
100519,29,Female,31572531,Basic,4,5163121,Sedan,8,1,No,36384,0,Teacher,1,72.67,72.67,HIGH
100520,43,Male,26141452,Standard,7,5535484,Sedan,4,2,No,36007,0,Teacher,1,81.0,81.0,HIGH
100521,33,Male,216365456,Premium,1,8984653,Pickup,12,1,No,41820,0,Engineer,0,6.67,6.67,LOW
100522,68,Male,141172725,Basic,5,4686788,Hatchback,10,1,Yes,42222,1,Business Owner,1,90.67,90.67,HIGH
100523,54,Female,91014115,Basic,10,13500426,Motorcycle,2,0,No,32069,0,Driver,0,4.67,4.67,LOW
100524,39,Female,114436640,Standard,10,3673383,Motorcycle,10,2,No,45816,1,Driver,1,85.33,85.33,HIGH
100525,46,Female,191298510,Basic,4,1331012,Pickup,3,0,Yes,44882,1,Student,1,74.67,74.67,HIGH
100526,31,Female,76562444,Basic,7,14943487,Sedan,9,3,Yes,20196,1,Business Owner,1,85.33,85.33,HIGH
100527,45,Male,159331664,Standard,9,9387484,Motorcycle,6,1,Yes,7999,2,Driver,1,91.67,91.67,HIGH
100528,22,Male,213759959,Standard,5,10066186,Pickup,0,1,No,27026,2,Student,0,65.33,65.33,MEDIUM
100529,64,Female,233866361,Standard,4,14208324,SUV,10,3,No,4730,1,Driver,1,87.67,87.67,HIGH
100530,66,Male,237964679,Standard,9,8289968,Motorcycle,5,1,Yes,6424,0,Business Owner,1,89.67,89.67,HIGH
100531,47,Female,221450289,Standard,5,8659381,SUV,7,0,Yes,41830,0,Driver,1,86.67,86.67,HIGH
100532,63,Female,72257306,Basic,9,7951775,Sedan,0,1,No,32716,0,Driver,1,65.33,65.33,MEDIUM
100533,69,Male,197052588,Standard,8,13796963,Motorcycle,7,1,Yes,34226,1,Driver,1,92.33,92.33,HIGH
100534,22,Female,55776598,Basic,4,7729806,Pickup,6,1,No,5207,0,Engineer,1,62.33,62.33,MEDIUM
100535,29,Female,203073261,Basic,7,9938770,Hatchback,0,0,No,16031,1,Office Worker,1,74.0,74.0,HIGH
100536,33,Male,228759943,Standard,5,3752447,Motorcycle,8,1,No,31008,2,Business Owner,1,85.0,85.0,HIGH
100537,43,Female,111075143,Premium,10,5719893,Motorcycle,10,2,No,32484,0,Engineer,1,90.67,90.67,HIGH
100538,43,Female,237697402,Premium,4,2368737,Motorcycle,2,1,No,49635,0,Office Worker,0,8.0,8.0,LOW
100539,65,Male,242525721,Standard,5,12751627,Motorcycle,1,1,Yes,6368,1,Teacher,1,82.67,82.67,HIGH
100540,38,Female,178814126,Basic,5,12498456,Pickup,6,1,No,24855,1,Driver,0,53.67,53.67,MEDIUM
100541,56,Male,168600314,Basic,9,5478903,Pickup,10,3,No,5227,1,Driver,1,91.0,91.0,HIGH
100542,53,Female,142887756,Premium,9,12145232,Hatchback,2,2,Yes,33322,0,Engineer,0,7.67,7.67,LOW
100543,50,Male,156293094,Standard,6,12853513,Pickup,0,2,No,46220,1,Student,1,73.67,73.67,HIGH
100544,47,Male,52639012,Standard,4,2551870,Pickup,9,1,No,15817,0,Business Owner,1,81.0,81.0,HIGH
100545,54,Male,148692528,Standard,2,4335160,Sedan,12,4,Yes,49474,1,Office Worker,1,86.33,86.33,HIGH
100546,40,Female,121706715,Standard,3,5186321,Sedan,2,1,No,16226,0,Driver,0,5.67,5.67,LOW
100547,27,Male,70422040,Premium,2,9289681,SUV,5,4,No,46877,4,Business Owner,1,90.67,90.67,HIGH
100548,22,Male,89374460,Basic,5,6275615,Hatchback,2,2,No,47480,1,Driver,1,87.67,87.67,HIGH
100549,53,Male,151668047,Standard,6,8150669,Sedan,4,2,No,34157,1,Driver,1,87.33,87.33,HIGH
100550,51,Male,238740545,Premium,5,10678391,Hatchback,8,3,No,23764,0,Driver,1,83.33,83.33,HIGH
100551,69,Male,69772085,Basic,2,7155343,Hatchback,6,2,No,21204,1,Business Owner,0,8.67,8.67,LOW
100552,48,Female,80500286,Standard,5,2680913,Motorcycle,1,1,Yes,3188,1,Engineer,0,65.0,65.0,MEDIUM
100553,27,Female,172792784,Basic,9,5609231,Hatchback,0,1,No,33397,1,Business Owner,1,63.67,63.67,MEDIUM
100554,36,Female,96224605,Premium,4,14899262,Motorcycle,6,1,No,12414,0,Business Owner,0,3.67,3.67,LOW
100555,49,Female,108532383,Basic,10,14696976,SUV,3,1,No,40989,0,Teacher,1,80.33,80.33,HIGH
100556,18,Female,28457521,Standard,2,9522886,SUV,10,3,No,44438,0,Student,1,79.0,79.0,HIGH
100557,22,Female,123207452,Basic,3,10231329,SUV,6,1,No,9746,2,Student,1,85.33,85.33,HIGH
100558,62,Female,113570093,Standard,3,1281097,Motorcycle,5,2,No,17331,2,Engineer,0,6.0,6.0,LOW
100559,21,Male,89652381,Basic,9,6605956,Motorcycle,6,5,No,14254,1,Student,0,9.67,9.67,LOW
100560,33,Female,189015441,Basic,4,7550402,SUV,3,0,Yes,13217,1,Engineer,1,80.67,80.67,HIGH
100561,41,Male,221315916,Standard,1,3176082,Motorcycle,2,2,No,18583,1,Driver,1,81.67,81.67,HIGH
100562,33,Male,237169898,Premium,1,7478444,Pickup,11,0,No,40380,2,Driver,0,46.67,46.67,MEDIUM
100563,19,Female,155840532,Basic,7,4408939,Pickup,4,0,No,37318,2,Business Owner,1,81.33,81.33,HIGH
100564,66,Male,80376477,Basic,7,12847138,Motorcycle,2,2,No,18800,3,Driver,1,82.33,82.33,HIGH
100565,45,Male,97792724,Standard,2,12062213,Motorcycle,13,0,No,33212,0,Student,1,66.67,66.67,MEDIUM
100566,49,Male,220217007,Standard,9,5537229,Sedan,2,1,No,30492,2,Office Worker,1,75.67,75.67,HIGH
100567,44,Male,144879222,Premium,9,11626691,Sedan,3,0,Yes,35592,2,Business Owner,1,74.33,74.33,HIGH
100568,37,Female,117773200,Basic,5,10649169,Hatchback,7,2,Yes,8233,1,Engineer,1,92.67,92.67,HIGH
100569,41,Female,70444007,Standard,3,12399772,Hatchback,1,1,Yes,25019,1,Driver,1,77.0,77.0,HIGH
100570,29,Female,193539602,Basic,3,5952034,Hatchback,3,1,No,14447,1,Business Owner,1,78.67,78.67,HIGH
100571,67,Female,218413262,Basic,3,3458547,SUV,10,0,Yes,17036,1,Business Owner,1,74.33,74.33,HIGH
100572,52,Female,177925384,Standard,6,13079397,Pickup,15,2,No,13998,2,Business Owner,1,84.33,84.33,HIGH
100573,50,Female,157414643,Standard,4,11936271,SUV,2,0,No,35801,0,Driver,1,66.67,66.67,MEDIUM
100574,50,Female,67322633,Standard,8,9306135,Motorcycle,6,2,No,27871,1,Engineer,1,65.67,65.67,MEDIUM
100575,68,Female,126158251,Basic,5,14506530,Sedan,15,1,No,30076,1,Business Owner,1,88.67,88.67,HIGH
100576,60,Female,30478878,Standard,1,14467819,Motorcycle,1,1,Yes,47739,1,Business Owner,1,85.67,85.67,HIGH
100577,54,Female,240792086,Standard,9,9640050,Motorcycle,0,1,No,31152,1,Business Owner,1,38.0,38.0,MEDIUM
100578,29,Male,30679487,Premium,1,4420690,Sedan,9,1,Yes,4429,1,Teacher,1,82.0,82.0,HIGH
100579,20,Female,174943987,Basic,6,2320055,Motorcycle,0,1,No,13381,0,Driver,0,5.33,5.33,LOW
100580,18,Male,147280861,Basic,1,1317152,Hatchback,5,1,Yes,4987,3,Teacher,1,87.0,87.0,HIGH
100581,50,Male,244730336,Standard,3,13130369,Sedan,2,1,No,32319,0,Student,1,68.33,68.33,MEDIUM
100582,57,Male,198868856,Standard,10,5892812,Motorcycle,6,1,No,25655,0,Engineer,0,6.33,6.33,LOW
100583,27,Male,27914611,Basic,5,8596477,Hatchback,7,2,No,22266,0,Business Owner,1,90.67,90.67,HIGH
100584,60,Female,139591413,Premium,10,13848633,Hatchback,4,0,No,46737,0,Teacher,1,76.67,76.67,HIGH
100585,61,Male,178242624,Basic,7,1073916,Pickup,4,3,Yes,14889,2,Business Owner,0,8.67,8.67,LOW
100586,46,Female,222600299,Premium,10,9814749,Hatchback,11,2,No,4547,0,Teacher,1,84.33,84.33,HIGH
100587,30,Female,132252450,Basic,8,14606497,SUV,1,3,No,47275,1,Business Owner,1,83.67,83.67,HIGH
100588,29,Male,41037706,Standard,9,11406557,Sedan,7,1,No,36281,1,Driver,1,77.33,77.33,HIGH
100589,48,Female,74558625,Premium,6,13642226,Sedan,9,1,No,48056,3,Student,1,69.33,69.33,MEDIUM
100590,63,Male,145262351,Basic,9,7070517,Sedan,15,0,Yes,16550,0,Business Owner,1,81.0,81.0,HIGH
100591,19,Male,239656264,Premium,8,5598615,Motorcycle,12,0,No,8174,2,Teacher,1,76.0,76.0,HIGH
100592,68,Female,125962079,Standard,9,13172207,Motorcycle,0,2,No,39334,1,Business Owner,1,76.67,76.67,HIGH
100593,67,Female,238092110,Premium,10,1609003,SUV,9,1,No,23187,0,Driver,0,5.67,5.67,LOW
100594,52,Male,146043083,Standard,4,3333728,Hatchback,8,0,No,6938,0,Engineer,1,72.33,72.33,HIGH
100595,40,Female,184335904,Basic,9,9445288,Motorcycle,0,2,No,4471,1,Engineer,1,80.0,80.0,HIGH
100596,34,Female,125420844,Basic,7,11438985,Hatchback,0,1,Yes,19721,0,Student,1,80.0,80.0,HIGH
100597,43,Female,235852813,Basic,5,5700671,Hatchback,0,1,Yes,10051,3,Engineer,1,85.67,85.67,HIGH
100598,25,Male,196652088,Basic,5,14214545,Motorcycle,6,0,No,10444,1,Business Owner,1,81.67,81.67,HIGH
100599,46,Male,221793272,Basic,1,13257042,Motorcycle,3,2,No,30657,0,Driver,0,5.0,5.0,LOW
100600,43,Female,32039879,Basic,2,12621446,SUV,11,1,No,39180,1,Business Owner,0,6.67,6.67,LOW
100601,27,Female,158357639,Standard,10,12443927,Pickup,6,1,No,32799,1,Business Owner,1,79.0,79.0,HIGH
100602,43,Female,228441818,Standard,3,1018510,Sedan,4,2,No,5392,1,Student,1,74.67,74.67,HIGH
100603,51,Female,233288957,Basic,8,13120232,Motorcycle,15,3,No,18729,0,Engineer,1,91.67,91.67,HIGH
100604,68,Female,59895115,Basic,6,14048617,Motorcycle,11,1,No,36744,1,Engineer,1,87.67,87.67,HIGH
100605,58,Male,45407616,Standard,10,4460054,Hatchback,15,1,Yes,46205,4,Engineer,1,89.33,89.33,HIGH
100606,24,Female,232321194,Basic,5,14342899,Pickup,13,0,No,32709,1,Teacher,0,8.33,8.33,LOW
100607,21,Male,245957927,Basic,1,12036931,Motorcycle,6,2,No,39836,1,Business Owner,1,88.33,88.33,HIGH
100608,70,Female,78005353,Basic,9,14309699,Pickup,9,2,Yes,12895,1,Driver,1,87.67,87.67,HIGH
100609,67,Male,98416381,Premium,3,7982660,Sedan,13,0,No,20255,0,Driver,1,70.0,70.0,HIGH
100610,62,Female,28305610,Premium,3,1936232,Hatchback,6,1,No,6409,2,Business Owner,0,5.67,5.67,LOW
100611,28,Male,50619046,Standard,2,5948587,SUV,3,2,No,15744,1,Office Worker,1,81.0,81.0,HIGH
100612,46,Female,27088618,Standard,4,14118294,Sedan,1,0,No,4549,1,Business Owner,0,6.33,6.33,LOW
100613,53,Male,138883998,Standard,2,2968487,Pickup,7,2,Yes,18085,3,Teacher,1,88.0,88.0,HIGH
100614,42,Male,122802512,Standard,9,10974116,Pickup,1,3,Yes,47467,1,Engineer,1,86.0,86.0,HIGH
100615,38,Male,124993056,Standard,10,6475260,Sedan,15,0,Yes,23845,0,Business Owner,0,7.67,7.67,LOW
100616,53,Male,237314527,Standard,7,2419702,Pickup,8,2,No,17736,0,Teacher,1,85.33,85.33,HIGH
100617,27,Male,213950228,Basic,8,8793994,SUV,4,1,Yes,38389,1,Office Worker,1,58.67,58.67,MEDIUM
100618,54,Male,39094164,Basic,3,1052748,SUV,8,4,No,5529,1,Business Owner,0,9.0,9.0,LOW
100619,26,Female,121919975,Standard,6,13379789,Pickup,14,1,No,46117,0,Engineer,1,86.67,86.67,HIGH
100620,41,Male,249863799,Premium,10,10499835,Pickup,8,2,Yes,29932,2,Student,1,89.0,89.0,HIGH
100621,52,Female,77924805,Standard,6,14930439,SUV,13,0,No,11351,0,Driver,0,5.67,5.67,LOW
100622,66,Female,40741873,Premium,1,5097304,Pickup,7,1,No,46062,0,Office Worker,0,11.67,11.67,LOW
100623,52,Female,48835237,Premium,6,1028669,Motorcycle,7,0,No,14000,3,Student,0,7.67,7.67,LOW
100624,65,Female,107272164,Basic,3,12934834,Hatchback,3,3,No,45959,3,Driver,1,89.0,89.0,HIGH
100625,53,Female,86669567,Standard,3,11774443,Motorcycle,15,1,No,42167,2,Student,1,88.0,88.0,HIGH
100626,35,Male,131238773,Standard,3,2969387,Pickup,13,1,No,38349,1,Business Owner,1,84.67,84.67,HIGH
100627,66,Male,132583175,Premium,10,4949905,Pickup,3,2,No,25949,3,Business Owner,1,64.0,64.0,MEDIUM
100628,56,Male,133422376,Premium,10,7986249,Hatchback,13,0,Yes,30569,1,Driver,1,68.0,68.0,MEDIUM
100629,49,Female,165879792,Standard,8,13816582,Pickup,1,3,No,49694,0,Driver,1,58.33,58.33,MEDIUM
100630,41,Male,226543906,Basic,5,11256299,Hatchback,3,0,No,22318,1,Business Owner,1,64.67,64.67,MEDIUM
100631,40,Male,212184498,Standard,4,7317197,SUV,15,2,No,21695,2,Business Owner,1,78.33,78.33,HIGH
100632,49,Male,164946122,Basic,9,2201934,Hatchback,3,1,Yes,18168,2,Teacher,0,9.0,9.0,LOW
100633,54,Male,207606679,Standard,9,9392207,Hatchback,5,2,No,40096,0,Driver,0,7.67,7.67,LOW
100634,29,Male,154295152,Premium,1,10565697,Motorcycle,2,2,No,42591,3,Driver,1,82.33,82.33,HIGH
100635,66,Female,109634772,Standard,2,6008029,Pickup,1,1,Yes,23712,0,Teacher,0,7.33,7.33,LOW
100636,30,Male,128046258,Standard,8,12811869,SUV,14,0,No,22500,1,Driver,1,72.33,72.33,HIGH
100637,40,Female,213016065,Standard,5,3600017,Sedan,7,2,Yes,6747,3,Engineer,0,82.33,82.33,HIGH
100638,42,Female,209116286,Standard,7,10711646,Hatchback,1,0,Yes,26208,1,Teacher,0,6.67,6.67,LOW
100639,52,Female,203237543,Basic,1,9306411,Sedan,7,1,No,37227,1,Engineer,0,6.0,6.0,LOW
100640,58,Female,76946342,Standard,10,3362351,Pickup,6,0,No,7430,0,Business Owner,1,76.0,76.0,HIGH
100641,47,Female,91556571,Premium,5,1645452,Hatchback,2,1,No,21835,1,Engineer,1,70.0,70.0,HIGH
100642,34,Male,174432314,Premium,3,2655443,Sedan,5,0,No,43099,2,Office Worker,0,55.0,55.0,MEDIUM
100643,66,Male,235297104,Basic,10,6347697,Motorcycle,5,1,No,31927,1,Business Owner,1,85.33,85.33,HIGH
100644,37,Male,146906181,Premium,2,11490402,Sedan,9,0,No,46948,1,Office Worker,0,28.33,28.33,LOW
100645,65,Female,45658359,Standard,2,6728790,Motorcycle,13,1,No,11963,2,Student,1,82.0,82.0,HIGH
100646,42,Male,46688293,Basic,9,10970793,SUV,4,1,Yes,24425,1,Office Worker,1,64.67,64.67,MEDIUM
100647,39,Male,221084763,Basic,4,2390688,Pickup,12,0,No,20495,1,Student,1,80.0,80.0,HIGH
100648,30,Female,177940481,Basic,4,13277989,Sedan,7,2,Yes,47271,1,Office Worker,1,86.33,86.33,HIGH
100649,36,Female,66495670,Premium,7,8967090,Hatchback,14,1,No,15598,0,Student,1,75.0,75.0,HIGH
100650,66,Female,184461668,Standard,10,9909923,Pickup,10,1,Yes,12786,1,Student,1,85.67,85.67,HIGH
100651,53,Female,67327410,Standard,10,2467836,Sedan,15,2,Yes,13921,1,Business Owner,1,87.0,87.0,HIGH
100652,29,Male,52188467,Basic,2,4298771,Hatchback,11,2,No,45241,1,Driver,1,88.67,88.67,HIGH
100653,58,Female,246478467,Standard,3,2828918,Hatchback,15,0,No,33253,2,Driver,1,86.0,86.0,HIGH
100654,36,Female,187836181,Basic,3,8978503,Hatchback,4,3,No,22969,0,Business Owner,1,87.33,87.33,HIGH
100655,29,Male,142959897,Standard,6,12127207,Hatchback,15,1,No,26985,1,Student,1,87.33,87.33,HIGH
100656,26,Male,187912432,Standard,3,8338298,Sedan,6,0,Yes,14020,2,Driver,0,76.67,76.67,HIGH
100657,24,Female,160789866,Basic,5,13346495,SUV,15,1,No,38141,1,Driver,1,83.0,83.0,HIGH
100658,45,Male,142124771,Premium,4,3170972,Motorcycle,5,0,No,32461,2,Office Worker,1,75.33,75.33,HIGH
100659,31,Female,136069241,Basic,3,3730502,Motorcycle,10,0,No,17352,1,Engineer,1,80.0,80.0,HIGH
100660,48,Female,102821196,Standard,8,6981441,Motorcycle,14,0,No,18344,0,Business Owner,1,74.0,74.0,HIGH
100661,69,Male,69171571,Standard,10,9940372,SUV,6,0,No,44301,0,Engineer,0,5.67,5.67,LOW
100662,36,Male,147621215,Standard,3,7813573,Hatchback,12,1,No,16125,2,Student,1,88.33,88.33,HIGH
100663,64,Female,209775632,Basic,6,12990235,Hatchback,8,0,No,40491,0,Office Worker,1,70.67,70.67,HIGH
100664,33,Female,105514152,Basic,7,13200687,Pickup,2,2,No,22202,1,Driver,0,7.33,7.33,LOW
100665,70,Female,172686627,Premium,7,11177641,Motorcycle,9,2,No,45232,1,Teacher,1,83.33,83.33,HIGH
100666,22,Male,216043666,Basic,2,2168931,Motorcycle,6,1,No,3709,0,Office Worker,0,9.0,9.0,LOW
100667,52,Female,145813819,Premium,3,4215775,Hatchback,12,1,No,9992,1,Business Owner,1,77.33,77.33,HIGH
100668,29,Female,142990754,Premium,10,13724780,Motorcycle,9,2,No,36506,1,Student,0,5.67,5.67,LOW
100669,42,Female,99110701,Basic,10,6246761,Hatchback,2,0,No,29354,2,Office Worker,0,64.0,64.0,MEDIUM
100670,69,Female,95606695,Basic,4,3637108,Hatchback,12,2,Yes,16233,0,Office Worker,1,70.67,70.67,HIGH
100671,38,Female,27848439,Standard,7,7523245,Hatchback,1,1,No,7590,0,Office Worker,1,79.0,79.0,HIGH
100672,53,Male,47755322,Premium,2,11513866,Sedan,15,0,Yes,31706,2,Driver,1,82.67,82.67,HIGH
100673,70,Female,184060763,Premium,3,5942422,Sedan,11,1,Yes,16718,1,Student,1,89.67,89.67,HIGH
100674,40,Female,72453056,Standard,7,7945098,Sedan,6,0,Yes,25471,1,Driver,1,84.67,84.67,HIGH
100675,33,Female,138772457,Standard,7,3023106,Sedan,3,0,Yes,39486,1,Office Worker,1,75.0,75.0,HIGH
100676,56,Female,157657361,Basic,10,7613002,SUV,0,1,No,16105,0,Driver,0,5.0,5.0,LOW
100677,62,Male,119797607,Premium,3,1366074,Pickup,5,1,No,43969,0,Driver,1,76.67,76.67,HIGH
100678,70,Male,201106080,Premium,1,6221610,Pickup,10,1,No,8081,1,Business Owner,1,75.33,75.33,HIGH
100679,59,Male,228348427,Basic,3,11372638,Hatchback,5,1,No,45697,0,Engineer,1,39.67,39.67,MEDIUM
100680,56,Female,31427095,Basic,5,12783101,Motorcycle,5,1,Yes,29718,0,Engineer,1,91.67,91.67,HIGH
100681,31,Female,90771889,Basic,7,9655259,Sedan,1,0,No,23384,2,Business Owner,1,78.67,78.67,HIGH
100682,48,Male,72206309,Basic,4,1177375,Pickup,0,1,No,7545,1,Business Owner,0,5.33,5.33,LOW
100683,22,Male,196303834,Premium,1,4248280,Pickup,2,0,Yes,8339,1,Teacher,1,76.33,76.33,HIGH
100684,52,Male,153249992,Standard,6,12690075,Sedan,11,1,Yes,18353,0,Driver,1,86.0,86.0,HIGH
100685,40,Female,187311055,Basic,2,6902232,SUV,13,0,No,29376,1,Teacher,1,80.0,80.0,HIGH
100686,46,Female,122206455,Basic,3,3227666,SUV,1,0,Yes,31028,0,Driver,0,5.67,5.67,LOW
100687,60,Male,165500555,Premium,4,6268410,Pickup,5,0,No,22100,0,Student,1,54.0,54.0,MEDIUM
100688,28,Male,123569502,Standard,6,11727108,SUV,12,1,Yes,7302,0,Engineer,1,78.33,78.33,HIGH
100689,35,Male,134402583,Standard,6,14646793,Sedan,11,0,Yes,4809,0,Driver,1,83.67,83.67,HIGH
100690,64,Female,149233078,Basic,7,7400553,Pickup,5,0,Yes,31917,2,Student,1,88.0,88.0,HIGH
100691,29,Female,156324557,Premium,5,11215277,Sedan,12,2,No,8830,0,Teacher,1,86.33,86.33,HIGH
100692,26,Female,73442092,Premium,7,13503969,SUV,4,1,Yes,21381,0,Engineer,0,58.0,58.0,MEDIUM
100693,27,Male,64576088,Basic,2,6985507,Sedan,9,3,Yes,5130,2,Student,1,88.67,88.67,HIGH
100694,61,Male,189208126,Basic,1,4625153,SUV,9,1,No,7412,1,Student,0,7.0,7.0,LOW
100695,34,Female,31519585,Basic,10,11977809,SUV,4,1,No,13884,0,Business Owner,0,8.33,8.33,LOW
100696,55,Male,33132162,Basic,8,2100620,Sedan,8,3,No,38564,1,Office Worker,1,79.67,79.67,HIGH
100697,24,Female,46588887,Standard,1,2008882,SUV,13,0,No,27132,0,Office Worker,0,10.0,10.0,LOW
100698,63,Male,168710717,Premium,2,9519044,Hatchback,4,3,No,49775,1,Office Worker,1,66.67,66.67,MEDIUM
100699,30,Male,183542825,Standard,10,5283667,Sedan,12,2,Yes,25707,1,Student,1,84.67,84.67,HIGH
100700,57,Male,152845448,Premium,6,11806721,Hatchback,9,0,No,33478,1,Driver,0,4.33,4.33,LOW
100701,59,Male,30055769,Standard,1,11064510,Sedan,5,0,No,9745,0,Teacher,0,5.33,5.33,LOW
100702,26,Female,121707475,Standard,10,2619530,SUV,10,1,No,48655,1,Office Worker,1,66.67,66.67,MEDIUM
100703,67,Male,41613311,Standard,3,4565117,SUV,3,0,No,40970,2,Driver,1,73.67,73.67,HIGH
100704,44,Female,123958695,Basic,7,8797215,Pickup,9,0,Yes,37323,4,Engineer,1,88.33,88.33,HIGH
100705,19,Female,91104329,Standard,8,8239967,Pickup,13,1,No,14882,1,Teacher,1,87.0,87.0,HIGH
100706,22,Female,249165074,Standard,4,5600505,Hatchback,13,0,No,14764,2,Teacher,1,88.67,88.67,HIGH
100707,46,Male,151099266,Basic,3,12521713,SUV,15,2,No,27565,2,Office Worker,1,87.0,87.0,HIGH
100708,54,Female,215124183,Standard,1,12556861,Pickup,14,2,No,7443,1,Student,1,74.67,74.67,HIGH
100709,55,Female,46079044,Standard,9,12646629,SUV,0,0,No,16583,0,Business Owner,1,64.67,64.67,MEDIUM
100710,36,Female,249613570,Premium,10,6343926,Sedan,3,1,Yes,44290,1,Student,1,78.33,78.33,HIGH
100711,25,Male,55271417,Standard,6,13620315,Pickup,1,0,No,13136,0,Teacher,1,73.0,73.0,HIGH
100712,65,Male,42321242,Premium,6,14799753,Hatchback,9,2,No,24223,1,Driver,1,82.0,82.0,HIGH
100713,62,Female,171914416,Standard,9,1397046,Pickup,2,0,Yes,23342,0,Engineer,0,4.0,4.0,LOW
100714,18,Male,54540622,Standard,1,12459408,SUV,6,1,No,12876,0,Teacher,1,65.0,65.0,MEDIUM
100715,39,Female,131906786,Standard,6,6374485,Motorcycle,6,3,No,3746,0,Student,1,83.33,83.33,HIGH
100716,69,Female,132147723,Premium,5,7010794,Motorcycle,0,3,No,37952,0,Teacher,1,69.0,69.0,MEDIUM
100717,34,Male,190457588,Standard,6,3249170,SUV,7,1,Yes,27330,1,Business Owner,1,88.67,88.67,HIGH
100718,24,Female,180467033,Standard,8,11771408,Sedan,15,2,No,17052,2,Business Owner,1,91.33,91.33,HIGH
100719,42,Male,152219374,Standard,5,2683415,Pickup,6,0,Yes,45344,0,Engineer,0,7.0,7.0,LOW
100720,62,Male,142708961,Standard,2,4463587,Motorcycle,0,2,No,35576,1,Office Worker,1,64.67,64.67,MEDIUM
100721,21,Female,212400150,Basic,2,9023647,Sedan,7,2,No,31606,2,Student,1,88.33,88.33,HIGH
100722,53,Male,66175390,Basic,10,12459705,SUV,13,1,No,34001,5,Teacher,1,85.33,85.33,HIGH
100723,23,Male,215132657,Basic,5,13095479,Sedan,13,1,Yes,12210,0,Student,1,89.0,89.0,HIGH
100724,48,Female,113316755,Premium,3,14673209,SUV,1,0,No,18079,0,Business Owner,1,75.0,75.0,HIGH
100725,36,Female,57059531,Basic,10,1111597,Pickup,7,2,No,30154,0,Driver,1,83.0,83.0,HIGH
100726,61,Male,171781654,Basic,3,5367226,Sedan,2,0,No,31687,1,Student,0,4.0,4.0,LOW
100727,56,Male,218584259,Standard,8,10799987,Pickup,9,1,No,10148,0,Business Owner,0,6.67,6.67,LOW
100728,44,Female,30918806,Basic,7,3394019,Sedan,6,0,No,15855,1,Driver,0,6.67,6.67,LOW
100729,27,Male,234839791,Standard,1,4836827,SUV,12,1,No,31516,2,Office Worker,1,85.67,85.67,HIGH
100730,43,Male,40272118,Basic,5,5979021,SUV,5,3,No,18473,2,Office Worker,1,92.0,92.0,HIGH
100731,36,Male,216371631,Premium,9,13579769,Sedan,4,1,No,33285,0,Business Owner,1,46.0,46.0,MEDIUM
100732,56,Male,117913792,Premium,4,13064163,SUV,14,0,No,25557,1,Business Owner,1,80.0,80.0,HIGH
100733,20,Male,35986741,Premium,1,6184837,Hatchback,15,2,No,45502,1,Office Worker,1,89.0,89.0,HIGH
100734,62,Male,38356632,Standard,8,5127741,Hatchback,10,1,No,17219,0,Business Owner,1,81.0,81.0,HIGH
100735,30,Male,206298753,Standard,5,11077832,Pickup,9,0,No,47006,1,Engineer,0,6.67,6.67,LOW
100736,67,Female,36685762,Basic,2,11849044,Hatchback,13,3,Yes,42965,0,Student,0,9.0,9.0,LOW
100737,45,Female,152163769,Basic,1,7098492,Hatchback,10,3,No,37470,0,Engineer,1,82.33,82.33,HIGH
100738,37,Female,202369236,Basic,3,8719161,Motorcycle,1,2,Yes,41297,2,Driver,0,10.33,10.33,LOW
100739,45,Female,242477971,Standard,9,13931037,Motorcycle,1,1,No,42984,1,Business Owner,0,10.0,10.0,LOW
100740,25,Female,104238576,Standard,1,11259550,Motorcycle,12,1,No,48380,1,Business Owner,1,87.67,87.67,HIGH
100741,58,Male,67926707,Standard,4,13461351,Motorcycle,11,0,No,43423,2,Driver,1,78.67,78.67,HIGH
100742,56,Male,232631828,Basic,8,12281667,SUV,14,2,No,41185,1,Student,1,81.0,81.0,HIGH
100743,18,Male,228692477,Standard,8,8818014,Pickup,0,2,Yes,9324,1,Office Worker,1,81.67,81.67,HIGH
100744,20,Male,232521788,Standard,10,1194202,Pickup,13,2,No,23257,1,Engineer,1,75.67,75.67,HIGH
100745,30,Female,160097824,Standard,8,5516025,Hatchback,8,1,No,11313,1,Student,1,76.0,76.0,HIGH
100746,45,Male,187973989,Standard,10,13316664,Pickup,15,0,No,29052,5,Office Worker,0,8.67,8.67,LOW
100747,66,Male,78256185,Basic,8,12217988,Hatchback,10,1,No,27603,1,Office Worker,0,6.0,6.0,LOW
100748,42,Female,239499577,Premium,4,3538309,Pickup,7,3,No,24762,1,Business Owner,1,82.33,82.33,HIGH
100749,50,Male,76923821,Standard,8,2615620,Sedan,7,1,No,21508,2,Driver,1,77.0,77.0,HIGH
100750,55,Male,169233395,Basic,9,6847898,Sedan,0,0,No,19815,3,Teacher,1,75.33,75.33,HIGH
100751,70,Female,224214030,Basic,7,7252551,Pickup,4,1,No,7974,1,Business Owner,1,73.67,73.67,HIGH
100752,23,Male,56087640,Standard,2,7712584,SUV,11,2,No,23161,1,Teacher,1,93.0,93.0,HIGH
100753,61,Male,194245460,Premium,9,14189902,Hatchback,5,1,Yes,32730,0,Driver,0,69.0,69.0,MEDIUM
100754,62,Male,115645463,Standard,8,12319032,Pickup,14,2,No,15723,0,Business Owner,1,86.33,86.33,HIGH
100755,49,Male,89940921,Basic,5,14844072,Hatchback,1,0,No,18473,1,Engineer,1,52.67,52.67,MEDIUM
100756,62,Male,225556420,Premium,3,1300767,Motorcycle,9,1,No,4085,0,Business Owner,1,69.0,69.0,MEDIUM
100757,64,Female,208101509,Standard,7,6044039,Pickup,14,2,No,25579,3,Engineer,1,87.67,87.67,HIGH
100758,38,Female,142738096,Standard,2,4978222,SUV,4,2,No,25643,1,Teacher,0,7.67,7.67,LOW
100759,33,Female,219343786,Standard,3,13639602,Motorcycle,5,0,No,29670,0,Student,0,46.33,46.33,MEDIUM
100760,38,Female,160109743,Basic,9,10536164,Pickup,8,1,Yes,21869,1,Student,1,90.0,90.0,HIGH
100761,28,Female,155604395,Standard,4,1517926,Sedan,14,2,No,18771,1,Teacher,1,85.67,85.67,HIGH
100762,54,Female,220421486,Standard,4,7807173,Pickup,9,4,Yes,44060,0,Teacher,1,90.33,90.33,HIGH
100763,53,Male,90184214,Premium,3,10310202,Sedan,0,1,Yes,13346,0,Business Owner,1,68.0,68.0,MEDIUM
100764,52,Female,169574403,Standard,5,8647442,Sedan,12,2,No,24462,2,Student,0,11.0,11.0,LOW
100765,36,Female,106248346,Standard,3,6068379,Pickup,9,2,No,42970,3,Office Worker,1,88.33,88.33,HIGH
100766,37,Male,211200724,Standard,9,7009321,Pickup,2,0,No,22432,0,Engineer,1,31.0,31.0,MEDIUM
100767,35,Male,61425691,Premium,3,9844690,Sedan,11,4,No,16174,3,Teacher,1,85.0,85.0,HIGH
100768,64,Female,42631957,Premium,2,10816702,Hatchback,8,3,No,20183,0,Driver,0,72.67,72.67,HIGH
100769,58,Male,124398503,Standard,5,7732446,Motorcycle,14,0,No,32697,1,Engineer,1,78.67,78.67,HIGH
100770,66,Female,162569942,Standard,6,8807818,SUV,13,1,Yes,8611,2,Business Owner,1,85.67,85.67,HIGH
100771,31,Male,77355263,Standard,1,4716714,Pickup,0,4,No,49959,1,Student,1,67.33,67.33,MEDIUM
100772,32,Female,125444098,Standard,6,11749014,Motorcycle,0,3,No,25393,0,Student,0,5.67,5.67,LOW
100773,48,Male,179005031,Basic,10,9241730,Motorcycle,0,2,No,28871,2,Office Worker,0,8.0,8.0,LOW
100774,18,Male,130307377,Standard,3,1475197,Hatchback,6,3,Yes,8263,0,Student,1,91.67,91.67,HIGH
100775,70,Female,86395288,Basic,4,2180034,Motorcycle,12,2,No,44394,2,Business Owner,0,11.33,11.33,LOW
100776,20,Female,47158515,Premium,6,7218897,Pickup,4,2,No,24954,1,Business Owner,1,82.0,82.0,HIGH
100777,33,Female,71433264,Basic,8,7506648,Motorcycle,5,3,No,14996,2,Driver,1,86.33,86.33,HIGH
100778,40,Female,111904519,Premium,9,10679466,Pickup,12,0,No,13805,1,Engineer,0,6.67,6.67,LOW
100779,28,Female,85348918,Standard,6,5163219,Pickup,14,1,No,12107,0,Engineer,1,80.33,80.33,HIGH
100780,29,Male,41912586,Standard,7,11271417,Sedan,13,3,Yes,13467,1,Engineer,0,12.0,12.0,LOW
100781,27,Female,243960444,Standard,5,10271125,Hatchback,7,2,No,24024,1,Driver,1,84.33,84.33,HIGH
100782,49,Female,153798911,Basic,9,14834417,SUV,13,1,No,44607,1,Driver,1,82.33,82.33,HIGH
100783,33,Male,205193284,Standard,4,4104632,Sedan,12,0,Yes,21679,0,Driver,1,83.33,83.33,HIGH
100784,25,Male,180637625,Basic,10,7267366,SUV,15,5,No,15270,1,Office Worker,1,86.67,86.67,HIGH
100785,55,Female,86664492,Standard,6,6484180,Pickup,1,5,No,20815,2,Driver,0,8.67,8.67,LOW
100786,29,Male,81526516,Standard,5,10460982,Sedan,12,1,No,24556,1,Student,1,79.67,79.67,HIGH
100787,41,Male,138738038,Standard,1,10843965,Motorcycle,1,2,Yes,16887,0,Teacher,1,87.67,87.67,HIGH
100788,45,Female,235631204,Basic,5,11508787,Motorcycle,2,0,Yes,38129,2,Office Worker,1,88.33,88.33,HIGH
100789,70,Male,152422906,Basic,5,9888860,SUV,12,1,Yes,26925,2,Student,1,89.0,89.0,HIGH
100790,25,Male,209976620,Standard,9,7782303,Pickup,2,2,No,15324,1,Engineer,1,78.33,78.33,HIGH
100791,45,Female,121973669,Premium,1,7034943,SUV,12,2,No,3723,0,Business Owner,1,92.33,92.33,HIGH
100792,53,Female,141805468,Standard,5,4715222,Hatchback,2,0,Yes,37315,0,Engineer,0,8.0,8.0,LOW
100793,43,Male,191538436,Standard,7,13641246,Motorcycle,3,1,No,11275,2,Driver,1,74.33,74.33,HIGH
100794,25,Male,45333128,Standard,6,8674499,Sedan,2,2,Yes,16405,0,Business Owner,1,82.67,82.67,HIGH
100795,67,Female,113897082,Basic,6,3675059,Sedan,1,1,Yes,4365,0,Engineer,1,74.67,74.67,HIGH
100796,45,Male,163930927,Premium,7,6870704,Sedan,8,1,No,49427,1,Office Worker,0,4.33,4.33,LOW
100797,45,Male,168881729,Standard,6,1420091,Motorcycle,5,1,Yes,30338,1,Driver,1,88.0,88.0,HIGH
100798,54,Male,245618176,Basic,5,14262786,Pickup,2,0,Yes,6853,2,Engineer,1,72.67,72.67,HIGH
100799,58,Female,77420967,Standard,10,12687988,Motorcycle,8,0,No,7682,1,Business Owner,1,79.0,79.0,HIGH
100800,53,Male,164343547,Basic,5,1259201,Motorcycle,14,1,No,47159,2,Student,1,83.33,83.33,HIGH
100801,44,Male,169816157,Premium,9,12226947,Sedan,3,0,No,8960,0,Engineer,0,49.33,49.33,MEDIUM
100802,34,Female,243896138,Basic,8,5067520,Motorcycle,3,1,No,27727,1,Office Worker,1,58.67,58.67,MEDIUM
100803,26,Male,163692571,Standard,10,5725326,Sedan,7,0,No,27073,1,Business Owner,1,89.67,89.67,HIGH
100804,50,Male,177737899,Basic,4,2786936,Pickup,6,1,No,24541,0,Engineer,0,55.67,55.67,MEDIUM
100805,70,Female,200084363,Standard,4,13894405,Hatchback,14,0,No,22882,3,Student,1,76.33,76.33,HIGH
100806,37,Female,229113497,Standard,10,5333227,Sedan,15,1,No,48054,0,Driver,1,69.67,69.67,MEDIUM
100807,30,Female,194618124,Standard,5,11542374,SUV,6,0,No,4567,0,Driver,1,71.67,71.67,HIGH
100808,45,Female,48511930,Standard,3,1203474,Hatchback,9,1,No,27787,1,Driver,1,83.67,83.67,HIGH
100809,65,Male,224104446,Premium,8,8081580,Pickup,6,0,No,26053,1,Teacher,1,74.33,74.33,HIGH
100810,46,Male,28503548,Basic,7,1126745,Hatchback,9,2,No,29755,2,Business Owner,1,87.67,87.67,HIGH
100811,30,Female,51801589,Basic,5,8529131,Sedan,15,5,No,30799,1,Teacher,1,95.33,95.33,HIGH
100812,63,Female,233511707,Basic,10,9146837,Pickup,10,0,No,39959,2,Student,1,74.67,74.67,HIGH
100813,52,Male,222857145,Premium,3,2802572,SUV,15,3,Yes,12718,0,Student,1,91.67,91.67,HIGH
100814,23,Female,212134557,Standard,5,8320973,Sedan,4,1,No,26540,3,Engineer,1,79.67,79.67,HIGH
100815,35,Male,66535944,Standard,3,14038933,Sedan,14,1,No,28097,0,Driver,0,7.0,7.0,LOW
100816,68,Female,161487526,Standard,10,7666013,Pickup,6,1,Yes,25901,1,Business Owner,1,91.0,91.0,HIGH
100817,22,Male,163399454,Basic,5,4095039,Pickup,3,2,No,31522,2,Teacher,1,87.33,87.33,HIGH
100818,64,Female,162657017,Basic,1,12024555,Hatchback,15,2,No,40903,0,Teacher,1,80.0,80.0,HIGH
100819,42,Female,175404590,Basic,6,10762259,SUV,7,1,No,42519,2,Driver,1,64.0,64.0,MEDIUM
100820,19,Male,107932385,Standard,10,12085547,Hatchback,8,0,No,43977,2,Teacher,1,82.33,82.33,HIGH
100821,27,Female,241249590,Basic,4,9067034,Hatchback,12,1,No,14672,2,Driver,1,80.67,80.67,HIGH
100822,47,Male,142037912,Basic,4,1900794,Sedan,11,1,No,10174,1,Engineer,1,75.67,75.67,HIGH
100823,67,Male,44375691,Premium,8,2932457,Pickup,2,3,Yes,21103,0,Engineer,1,86.33,86.33,HIGH
100824,62,Male,126303168,Premium,2,2407539,Sedan,6,0,No,11061,1,Engineer,1,67.67,67.67,MEDIUM
100825,22,Male,112741878,Basic,4,7068735,SUV,11,1,No,23398,0,Office Worker,1,87.0,87.0,HIGH
100826,50,Male,157112661,Basic,2,11485566,Hatchback,9,1,No,35626,1,Office Worker,0,7.33,7.33,LOW
100827,18,Female,192596583,Basic,1,6346492,SUV,8,1,No,16265,2,Teacher,0,10.67,10.67,LOW
100828,35,Female,248045220,Standard,10,7255735,Pickup,0,4,No,36646,1,Business Owner,1,63.67,63.67,MEDIUM
100829,49,Male,246063278,Premium,3,5280424,Pickup,1,2,No,44553,2,Business Owner,1,61.33,61.33,MEDIUM
100830,64,Female,76267968,Basic,8,6098145,Motorcycle,15,0,No,48698,3,Engineer,1,78.33,78.33,HIGH
100831,66,Male,37275520,Basic,6,1877350,SUV,6,0,Yes,42040,4,Student,1,84.33,84.33,HIGH
100832,28,Female,80341816,Standard,7,9979496,Sedan,14,2,Yes,32472,1,Business Owner,1,79.67,79.67,HIGH
100833,38,Female,89990398,Standard,2,12051896,SUV,12,0,No,48510,0,Teacher,0,62.33,62.33,MEDIUM
100834,43,Female,30422569,Basic,6,6221227,Hatchback,1,2,Yes,20993,0,Office Worker,1,87.67,87.67,HIGH
100835,42,Female,225612533,Standard,8,9919716,Pickup,6,1,No,9714,0,Teacher,1,69.33,69.33,MEDIUM
100836,39,Male,122682857,Basic,8,14799285,Pickup,0,1,No,32767,0,Teacher,1,79.67,79.67,HIGH
100837,44,Male,72468948,Standard,4,1313678,SUV,14,0,No,40877,0,Office Worker,0,64.33,64.33,MEDIUM
100838,66,Female,60202256,Standard,6,2789087,SUV,2,0,No,21832,0,Driver,1,72.0,72.0,HIGH
100839,30,Female,84871253,Premium,5,12921671,SUV,14,0,No,15749,1,Engineer,1,79.33,79.33,HIGH
100840,50,Male,196156133,Standard,9,9035168,Hatchback,4,0,No,18888,0,Teacher,0,6.0,6.0,LOW
100841,51,Female,114696866,Premium,8,3442716,Hatchback,13,0,Yes,37904,2,Student,1,83.33,83.33,HIGH
100842,58,Male,189579308,Standard,2,2227103,Sedan,11,0,No,19020,0,Engineer,1,75.0,75.0,HIGH
100843,52,Male,213675279,Standard,7,10782816,SUV,13,1,Yes,42734,0,Office Worker,1,91.0,91.0,HIGH
100844,18,Male,240005191,Standard,7,11999556,Sedan,10,2,Yes,37821,1,Student,1,91.33,91.33,HIGH
100845,38,Female,168039165,Premium,1,7474961,Motorcycle,5,0,No,10763,2,Business Owner,1,70.0,70.0,HIGH
100846,65,Male,247418704,Premium,1,14903343,Hatchback,14,0,No,49000,1,Driver,1,76.67,76.67,HIGH
100847,23,Female,92342864,Basic,4,8426041,Pickup,12,2,Yes,35851,1,Teacher,1,84.0,84.0,HIGH
100848,45,Male,117596825,Premium,5,12224905,Motorcycle,8,2,No,19025,2,Office Worker,1,66.0,66.0,MEDIUM
100849,34,Female,158297804,Premium,4,1533885,Pickup,8,4,No,29015,2,Driver,1,84.33,84.33,HIGH
100850,22,Female,120298192,Standard,7,8400099,Motorcycle,2,1,Yes,18431,0,Teacher,1,81.67,81.67,HIGH
100851,48,Female,119879909,Basic,3,2791456,Sedan,13,3,No,22052,0,Teacher,1,94.33,94.33,HIGH
100852,22,Male,150383504,Premium,7,11999719,Sedan,7,0,No,40999,1,Engineer,1,76.0,76.0,HIGH
100853,55,Male,221858351,Premium,8,13795908,Hatchback,15,0,No,46179,0,Student,1,75.33,75.33,HIGH
100854,20,Female,216693389,Basic,6,6093409,Pickup,12,2,No,44658,1,Engineer,1,74.33,74.33,HIGH
100855,70,Female,187746796,Premium,6,13033815,Motorcycle,3,1,Yes,33992,1,Driver,1,84.0,84.0,HIGH
100856,40,Female,147014469,Basic,8,12519120,SUV,6,0,Yes,48585,1,Office Worker,1,83.67,83.67,HIGH
100857,54,Male,38693090,Basic,8,5606302,SUV,5,1,Yes,45058,0,Driver,1,89.67,89.67,HIGH
100858,70,Male,169906605,Standard,7,7867526,Hatchback,7,3,No,9572,3,Office Worker,1,90.0,90.0,HIGH
100859,54,Male,50732334,Standard,6,14048272,Pickup,15,2,Yes,38662,1,Driver,1,91.33,91.33,HIGH
100860,27,Male,87701639,Standard,6,11453339,SUV,5,1,Yes,39185,2,Engineer,1,84.67,84.67,HIGH
100861,27,Female,85011150,Basic,10,9050405,Hatchback,3,0,Yes,19632,0,Driver,0,5.0,5.0,LOW
100862,36,Female,72775541,Premium,6,9237180,Hatchback,1,2,No,10810,0,Business Owner,1,77.67,77.67,HIGH
100863,34,Male,76039740,Basic,8,3598677,Pickup,6,0,Yes,15674,1,Engineer,1,73.67,73.67,HIGH
100864,38,Male,66279258,Basic,1,8195918,SUV,10,1,No,45917,1,Driver,1,82.0,82.0,HIGH
100865,31,Female,160315724,Basic,5,10247076,SUV,14,0,No,10880,1,Driver,0,7.33,7.33,LOW
100866,26,Male,117874480,Standard,3,12831822,SUV,12,0,No,15650,2,Student,1,84.33,84.33,HIGH
100867,63,Male,135627230,Premium,8,6328625,Sedan,10,1,Yes,37883,0,Engineer,1,80.0,80.0,HIGH
100868,18,Male,96926775,Standard,6,12424241,SUV,3,1,Yes,42349,1,Student,1,75.67,75.67,HIGH
100869,68,Male,96967803,Premium,2,10671832,Motorcycle,12,0,No,41419,0,Engineer,1,72.0,72.0,HIGH
100870,62,Male,85422713,Basic,7,12649172,Sedan,8,0,No,4806,0,Office Worker,0,5.0,5.0,LOW
100871,30,Male,221542870,Standard,7,1106998,Sedan,8,1,No,43068,1,Engineer,1,80.33,80.33,HIGH
100872,21,Female,160601368,Standard,5,7341477,Sedan,6,1,Yes,27871,3,Engineer,1,80.67,80.67,HIGH
100873,18,Male,193286113,Standard,8,8802305,Sedan,4,0,Yes,45951,3,Driver,1,52.33,52.33,MEDIUM
100874,66,Male,165269593,Basic,5,5714714,Hatchback,2,0,No,8493,0,Business Owner,1,77.33,77.33,HIGH
100875,57,Female,188621892,Standard,1,6373552,Motorcycle,2,0,No,35548,3,Teacher,1,63.67,63.67,MEDIUM
100876,49,Female,165652051,Standard,9,9769311,Pickup,8,2,No,7650,1,Engineer,0,4.67,4.67,LOW
100877,51,Female,180558597,Standard,4,9193300,SUV,8,0,No,47835,1,Student,1,50.33,50.33,MEDIUM
100878,45,Male,150241914,Standard,2,7187459,Sedan,11,0,No,19225,2,Business Owner,1,56.33,56.33,MEDIUM
100879,48,Female,159903231,Basic,4,5939179,Pickup,12,1,No,48360,0,Engineer,1,70.67,70.67,HIGH
100880,25,Male,169529553,Standard,9,5618322,Hatchback,10,1,No,3792,1,Business Owner,1,86.0,86.0,HIGH
100881,56,Male,109223363,Basic,2,12218881,Pickup,15,1,No,32803,1,Office Worker,1,80.33,80.33,HIGH
100882,43,Male,142051917,Premium,4,12087065,Sedan,3,3,No,36857,2,Business Owner,1,79.67,79.67,HIGH
100883,51,Female,163995149,Standard,2,10917153,Motorcycle,10,1,No,23881,1,Office Worker,1,78.33,78.33,HIGH
100884,20,Female,50557004,Basic,5,10099790,Pickup,0,1,No,36557,0,Business Owner,1,57.67,57.67,MEDIUM
100885,67,Female,181691334,Premium,3,7656289,Sedan,12,1,No,7194,1,Business Owner,1,81.33,81.33,HIGH
100886,29,Female,208253375,Standard,10,9468899,Sedan,9,3,Yes,15558,3,Student,1,73.0,73.0,HIGH
100887,18,Female,246803051,Basic,2,5022610,SUV,4,1,No,29374,1,Teacher,1,81.33,81.33,HIGH
100888,61,Male,77829582,Standard,9,2739528,SUV,13,2,No,23841,1,Student,0,8.67,8.67,LOW
100889,22,Male,241018962,Basic,5,5774598,Motorcycle,15,0,No,16475,1,Driver,1,82.0,82.0,HIGH
100890,47,Male,126241406,Premium,10,11380957,SUV,15,2,Yes,9671,0,Business Owner,1,82.67,82.67,HIGH
100891,47,Male,29218346,Premium,5,10017164,Motorcycle,7,0,No,34764,0,Office Worker,0,6.0,6.0,LOW
100892,34,Female,214151982,Premium,1,12846618,Hatchback,9,2,Yes,8961,0,Business Owner,1,85.33,85.33,HIGH
100893,65,Female,182959147,Standard,6,12072446,Hatchback,14,2,No,47816,0,Engineer,1,86.33,86.33,HIGH
100894,64,Male,50061794,Standard,7,1221163,SUV,14,2,No,8155,1,Office Worker,1,81.67,81.67,HIGH
100895,40,Female,86431120,Standard,1,7086540,Hatchback,3,0,Yes,36081,2,Engineer,1,74.0,74.0,HIGH
100896,32,Female,124797410,Basic,9,2897678,Pickup,9,1,Yes,3232,0,Driver,1,72.67,72.67,HIGH
100897,54,Male,206102482,Standard,8,12659949,Pickup,9,2,No,12221,0,Engineer,0,56.0,56.0,MEDIUM
100898,38,Male,213893075,Standard,8,11587831,Pickup,3,0,Yes,47566,1,Driver,1,52.0,52.0,MEDIUM
100899,31,Female,242597539,Basic,7,4650824,Hatchback,12,2,No,27233,1,Driver,0,13.33,13.33,LOW
100900,19,Female,146151391,Standard,5,9499180,Pickup,11,2,No,5711,1,Driver,1,87.67,87.67,HIGH
100901,28,Male,36524217,Premium,3,11624757,Motorcycle,13,0,Yes,15531,0,Engineer,1,79.0,79.0,HIGH
100902,68,Male,115812847,Premium,9,7032419,Sedan,8,2,No,13480,2,Driver,1,86.33,86.33,HIGH
100903,56,Male,225943659,Basic,7,7377844,SUV,14,0,Yes,43708,1,Driver,1,85.67,85.67,HIGH
100904,55,Female,34324391,Basic,10,12105767,Motorcycle,8,2,No,15191,1,Student,0,64.0,64.0,MEDIUM
100905,51,Male,55717847,Basic,10,7056929,Pickup,6,2,No,5122,0,Teacher,0,71.67,71.67,HIGH
100906,55,Male,236875132,Premium,8,6030811,Sedan,9,0,No,6779,0,Business Owner,1,73.0,73.0,HIGH
100907,67,Female,27906492,Basic,6,10197671,SUV,7,2,No,8654,3,Driver,1,75.67,75.67,HIGH
100908,51,Female,129197446,Standard,5,5841712,Motorcycle,11,0,No,48142,1,Office Worker,0,8.67,8.67,LOW
100909,35,Female,47919530,Basic,8,7801256,SUV,11,1,Yes,14169,0,Office Worker,1,79.0,79.0,HIGH
100910,47,Female,131349617,Standard,3,1401099,Hatchback,3,0,No,4172,1,Student,0,5.33,5.33,LOW
100911,32,Female,211291264,Standard,7,5082940,Pickup,7,0,No,10317,0,Engineer,0,5.0,5.0,LOW
100912,44,Male,53412258,Standard,2,8910541,Motorcycle,13,2,No,3159,1,Engineer,1,85.33,85.33,HIGH
100913,68,Male,207096671,Basic,3,2196845,Motorcycle,5,1,Yes,5129,1,Engineer,1,85.33,85.33,HIGH
100914,51,Female,25122019,Standard,2,2987214,Sedan,15,2,No,22462,3,Driver,1,87.0,87.0,HIGH
100915,69,Female,188949708,Basic,5,8708098,Sedan,12,0,Yes,21613,1,Teacher,1,84.33,84.33,HIGH
100916,55,Female,160983045,Standard,7,7325006,Sedan,15,1,No,5917,2,Teacher,0,10.67,10.67,LOW
100917,50,Female,243282809,Premium,10,9665394,SUV,2,1,No,22397,1,Engineer,1,63.0,63.0,MEDIUM
100918,41,Female,187276479,Basic,10,5083671,Pickup,6,3,No,29125,0,Engineer,1,80.33,80.33,HIGH
100919,32,Male,167420365,Premium,1,5161011,SUV,2,3,Yes,48533,1,Business Owner,1,80.33,80.33,HIGH
100920,47,Male,145686500,Standard,10,12116141,Pickup,10,0,No,9326,1,Teacher,1,79.33,79.33,HIGH
100921,59,Male,57676719,Basic,9,9806407,Motorcycle,15,3,Yes,37347,3,Driver,1,93.0,93.0,HIGH
100922,68,Male,151513614,Standard,1,14892676,SUV,6,1,No,17349,2,Driver,0,9.0,9.0,LOW
100923,34,Female,112013102,Basic,1,4763901,SUV,4,1,Yes,37728,0,Office Worker,0,5.33,5.33,LOW
100924,22,Male,188231741,Standard,10,5798130,SUV,3,0,No,33792,3,Office Worker,1,83.67,83.67,HIGH
100925,46,Female,161634554,Standard,8,5518462,Hatchback,2,0,No,10902,1,Business Owner,0,6.67,6.67,LOW
100926,21,Female,150220559,Basic,6,3903107,Pickup,7,1,No,17033,2,Student,1,84.67,84.67,HIGH
100927,27,Female,88574747,Standard,6,13955341,Pickup,3,0,Yes,39612,0,Driver,0,4.33,4.33,LOW
100928,34,Male,163508175,Premium,9,8017359,SUV,7,1,No,40465,1,Office Worker,0,6.0,6.0,LOW
100929,27,Female,205024509,Premium,4,14213079,Hatchback,9,2,No,38158,3,Engineer,1,85.33,85.33,HIGH
100930,34,Male,159362499,Standard,8,5284933,SUV,2,3,No,37187,2,Driver,0,10.33,10.33,LOW
100931,37,Male,214764012,Premium,4,7278262,Pickup,9,1,Yes,6917,1,Driver,0,9.67,9.67,LOW
100932,41,Female,164967321,Standard,2,13042040,Motorcycle,12,4,No,31411,0,Driver,1,87.0,87.0,HIGH
100933,22,Female,210558299,Standard,8,3436126,Hatchback,8,0,No,17206,0,Teacher,1,68.0,68.0,MEDIUM
100934,51,Female,103495583,Premium,7,10744866,Hatchback,5,0,No,15620,2,Office Worker,1,71.33,71.33,HIGH
100935,23,Male,43598124,Standard,4,11795214,SUV,14,2,No,14822,1,Business Owner,1,87.0,87.0,HIGH
100936,70,Female,122129665,Standard,9,2163842,Motorcycle,15,2,No,40710,0,Office Worker,1,80.0,80.0,HIGH
100937,19,Male,167717698,Standard,9,6431242,Pickup,4,2,No,11354,0,Engineer,1,78.0,78.0,HIGH
100938,30,Female,213465909,Premium,8,5641154,Sedan,4,1,Yes,27691,2,Engineer,0,7.0,7.0,LOW
100939,60,Female,47311047,Premium,1,3896283,Pickup,12,1,No,26954,0,Student,1,86.0,86.0,HIGH
100940,60,Male,35425111,Standard,7,14862729,Pickup,2,1,No,8198,0,Office Worker,1,46.33,46.33,MEDIUM
100941,65,Male,158893902,Basic,5,14882737,Motorcycle,1,1,Yes,29046,2,Office Worker,1,86.33,86.33,HIGH
100942,28,Male,213919978,Standard,7,5273487,Hatchback,5,0,No,25386,0,Student,1,57.67,57.67,MEDIUM
100943,68,Male,78012638,Standard,9,9448890,Pickup,10,3,No,14271,1,Student,1,85.67,85.67,HIGH
100944,64,Male,113553672,Basic,2,11544009,Hatchback,0,0,Yes,24526,1,Driver,1,51.33,51.33,MEDIUM
100945,40,Male,27362854,Standard,4,6805344,Motorcycle,14,0,Yes,46798,0,Driver,1,85.33,85.33,HIGH
100946,33,Female,166501996,Standard,4,14115363,Motorcycle,14,2,No,28257,1,Engineer,1,94.33,94.33,HIGH
100947,48,Female,128072705,Basic,2,1123844,SUV,13,2,Yes,11860,1,Business Owner,1,73.33,73.33,HIGH
100948,28,Male,73025351,Basic,3,7658187,Sedan,6,4,Yes,29645,0,Engineer,1,90.67,90.67,HIGH
100949,33,Female,240669318,Basic,8,14338552,Motorcycle,14,4,No,27189,1,Teacher,1,87.67,87.67,HIGH
100950,25,Male,141450155,Premium,9,3431275,Motorcycle,4,2,No,18762,0,Office Worker,0,66.0,66.0,MEDIUM
100951,21,Female,202899890,Basic,6,7894604,Hatchback,3,1,No,3968,0,Business Owner,1,81.67,81.67,HIGH
100952,57,Female,44828838,Basic,10,14783703,Motorcycle,8,1,No,8800,4,Driver,1,82.33,82.33,HIGH
100953,21,Male,69729321,Standard,2,11460587,Pickup,9,0,No,27229,2,Student,1,80.33,80.33,HIGH
100954,42,Male,42552508,Basic,2,4937080,SUV,15,2,No,34049,3,Student,1,90.33,90.33,HIGH
100955,20,Male,45704568,Basic,7,7276959,SUV,0,2,No,32717,1,Engineer,1,68.67,68.67,MEDIUM
100956,49,Female,178328591,Basic,8,9382863,Pickup,10,1,Yes,24767,2,Office Worker,1,86.67,86.67,HIGH
100957,20,Male,146163746,Standard,8,3921580,Motorcycle,14,2,Yes,10470,0,Office Worker,1,85.0,85.0,HIGH
100958,44,Female,149013341,Standard,6,8744996,Sedan,3,0,No,7819,3,Student,1,71.33,71.33,HIGH
100959,46,Male,35298825,Standard,10,7647671,Motorcycle,15,1,No,39003,0,Engineer,1,83.33,83.33,HIGH
100960,49,Female,34989349,Standard,8,8200622,SUV,2,1,Yes,24639,0,Teacher,1,82.33,82.33,HIGH
100961,67,Female,159406801,Premium,1,5650699,Sedan,5,1,Yes,7300,0,Engineer,1,79.33,79.33,HIGH
100962,68,Male,209908657,Standard,9,8392788,Hatchback,4,0,No,49935,0,Driver,1,67.33,67.33,MEDIUM
100963,36,Female,157988788,Basic,1,7079547,Hatchback,6,1,Yes,26793,1,Driver,1,83.0,83.0,HIGH
100964,38,Female,124762598,Basic,3,11878996,Motorcycle,12,2,No,14071,0,Driver,1,79.0,79.0,HIGH
100965,22,Male,213963387,Standard,9,10300842,Motorcycle,0,1,Yes,6998,1,Teacher,0,6.0,6.0,LOW
100966,35,Female,52504225,Standard,5,5176116,Sedan,12,0,Yes,44750,0,Business Owner,1,82.67,82.67,HIGH
100967,45,Male,76417258,Basic,9,13581960,Sedan,4,2,No,8180,1,Engineer,1,84.33,84.33,HIGH
100968,59,Male,104863165,Standard,9,4024320,Motorcycle,13,0,No,15752,3,Engineer,1,80.33,80.33,HIGH
100969,39,Male,117068012,Basic,6,12295417,SUV,1,2,No,33513,0,Teacher,1,78.67,78.67,HIGH
100970,38,Male,166970070,Standard,1,3296397,Hatchback,1,2,No,41189,1,Driver,1,82.0,82.0,HIGH
100971,23,Female,112744964,Standard,10,2547840,Sedan,10,0,No,20879,1,Student,0,9.0,9.0,LOW
100972,18,Female,59613597,Basic,7,10522517,SUV,14,1,No,27362,4,Driver,1,88.33,88.33,HIGH
100973,22,Female,198072261,Standard,6,13229921,Motorcycle,10,2,No,49686,1,Business Owner,1,94.67,94.67,HIGH
100974,58,Male,49373175,Basic,9,13855863,Pickup,1,2,No,17316,5,Teacher,1,84.67,84.67,HIGH
100975,29,Female,163151545,Standard,7,2000778,Sedan,8,1,Yes,30644,4,Student,1,89.33,89.33,HIGH
100976,43,Female,238221372,Basic,4,14301437,Pickup,9,2,No,13899,0,Engineer,1,81.67,81.67,HIGH
100977,63,Male,218763947,Premium,7,12260933,SUV,2,4,No,48967,0,Business Owner,0,7.67,7.67,LOW
100978,51,Male,42353731,Basic,2,3998277,Hatchback,3,0,Yes,27525,0,Business Owner,1,76.0,76.0,HIGH
100979,66,Female,102859932,Premium,6,9904851,SUV,14,1,Yes,8378,1,Teacher,1,83.33,83.33,HIGH
100980,31,Male,197059542,Standard,6,8188884,Hatchback,4,2,No,5577,1,Student,1,80.33,80.33,HIGH
100981,43,Male,27050053,Standard,2,6738753,SUV,13,2,No,24690,1,Driver,1,89.0,89.0,HIGH
100982,62,Male,30021983,Basic,4,9927961,Sedan,3,2,Yes,43901,1,Driver,1,86.0,86.0,HIGH
100983,44,Male,161203409,Premium,8,7639070,Sedan,3,0,Yes,37003,2,Office Worker,1,78.67,78.67,HIGH
100984,26,Female,224804327,Basic,8,3111577,Pickup,4,0,No,18641,1,Student,1,81.67,81.67,HIGH
100985,43,Male,228888505,Basic,8,3896695,SUV,9,1,No,6659,1,Driver,1,80.33,80.33,HIGH
100986,64,Male,85539487,Standard,8,6414751,SUV,15,1,Yes,14847,1,Business Owner,1,89.67,89.67,HIGH
100987,39,Male,129731080,Basic,1,7869001,Pickup,14,2,No,24752,3,Teacher,1,89.33,89.33,HIGH
100988,64,Male,139173129,Basic,2,5056150,Motorcycle,8,1,Yes,19440,0,Driver,1,86.67,86.67,HIGH
100989,47,Male,70278419,Premium,4,6959417,SUV,11,1,No,13084,2,Teacher,1,60.33,60.33,MEDIUM
100990,60,Male,143989829,Premium,9,2962821,SUV,8,4,No,10472,2,Driver,1,87.67,87.67,HIGH
100991,65,Male,79594159,Standard,3,3440342,SUV,13,1,No,21953,4,Teacher,0,9.0,9.0,LOW
100992,34,Male,65180087,Premium,6,14407195,Motorcycle,13,0,No,23464,1,Business Owner,1,77.67,77.67,HIGH
100993,43,Female,193660858,Standard,7,6775984,Sedan,5,1,Yes,25761,1,Student,1,92.33,92.33,HIGH
100994,53,Male,119483266,Basic,8,6713949,Pickup,10,1,No,21332,0,Office Worker,1,59.0,59.0,MEDIUM
100995,18,Female,93668521,Standard,7,9390783,Motorcycle,11,1,Yes,19606,0,Teacher,1,87.33,87.33,HIGH
100996,25,Male,52397770,Standard,3,10710669,Hatchback,13,1,No,45599,1,Driver,1,76.67,76.67,HIGH
100997,66,Male,133860202,Premium,6,3947492,Hatchback,2,0,No,31998,0,Teacher,1,78.33,78.33,HIGH
100998,52,Male,200469968,Basic,5,13215350,Motorcycle,5,2,No,40985,4,Teacher,1,65.0,65.0,MEDIUM
100999,69,Male,64492703,Standard,10,12988447,Motorcycle,9,0,No,16537,2,Driver,0,6.67,6.67,LOW
101000,32,Female,146320835,Basic,4,13118320,Sedan,3,1,Yes,45717,1,Driver,1,67.0,67.0,MEDIUM
101001,64,Male,75877374,Basic,1,3286113,Hatchback,2,2,No,12027,0,Student,0,7.67,7.67,LOW
101002,39,Male,111566339,Basic,7,13928171,Pickup,5,1,Yes,5536,1,Business Owner,1,84.33,84.33,HIGH
101003,31,Female,224273296,Premium,8,11778098,SUV,14,3,No,5525,1,Business Owner,1,91.0,91.0,HIGH
101004,43,Female,200538984,Premium,2,14010965,SUV,10,1,Yes,12176,2,Business Owner,1,85.67,85.67,HIGH
101005,45,Male,125443090,Standard,7,4607838,Sedan,5,2,Yes,20741,0,Business Owner,1,87.33,87.33,HIGH
101006,40,Female,168048580,Standard,6,12618694,Sedan,1,1,Yes,7887,0,Business Owner,1,77.33,77.33,HIGH
101007,31,Female,216949215,Basic,5,12899028,Hatchback,8,3,No,27106,1,Business Owner,1,90.33,90.33,HIGH
101008,41,Female,222968597,Basic,4,9015119,Pickup,7,2,Yes,17847,1,Driver,1,76.67,76.67,HIGH
101009,19,Male,59045431,Basic,2,1558867,Pickup,5,3,No,14252,1,Driver,1,87.0,87.0,HIGH
101010,62,Male,38200674,Standard,10,6339434,Motorcycle,0,1,Yes,7477,1,Business Owner,1,79.67,79.67,HIGH
101011,43,Male,64755285,Standard,6,3769067,Sedan,11,1,Yes,20755,1,Business Owner,1,83.0,83.0,HIGH
101012,31,Female,56802560,Standard,5,7865521,SUV,1,4,No,22608,0,Student,0,6.33,6.33,LOW
101013,68,Male,133285907,Basic,2,6642002,SUV,14,0,No,19095,0,Teacher,1,76.0,76.0,HIGH
101014,24,Female,56148181,Basic,10,1040751,Hatchback,3,1,Yes,9104,2,Student,1,84.33,84.33,HIGH
101015,20,Male,168013743,Basic,7,2249247,SUV,6,1,Yes,36910,0,Engineer,1,87.33,87.33,HIGH
101016,64,Male,93412170,Standard,6,6351630,Pickup,8,2,No,23693,0,Driver,1,86.33,86.33,HIGH
101017,40,Female,97598476,Premium,9,12608516,Pickup,9,0,No,32403,0,Business Owner,1,45.0,45.0,MEDIUM
101018,63,Male,154661929,Standard,10,8054730,Sedan,4,1,No,15726,0,Teacher,1,75.33,75.33,HIGH
101019,60,Female,135679554,Premium,5,13787662,Hatchback,9,1,Yes,9898,0,Driver,1,86.33,86.33,HIGH
101020,64,Female,201217403,Standard,9,4179249,SUV,1,2,No,20972,0,Engineer,0,5.67,5.67,LOW
101021,62,Male,40599691,Standard,9,12021612,Sedan,14,3,Yes,47945,1,Student,0,8.33,8.33,LOW
101022,35,Female,173202070,Basic,1,10018051,Motorcycle,12,0,No,48684,1,Engineer,0,53.67,53.67,MEDIUM
101023,55,Male,120137037,Premium,5,1988144,Motorcycle,10,0,No,45430,1,Office Worker,0,54.33,54.33,MEDIUM
101024,52,Male,27343136,Standard,9,7711971,SUV,10,1,No,47874,0,Student,1,82.33,82.33,HIGH
101025,68,Female,29422888,Basic,7,10428143,SUV,10,2,No,15682,3,Driver,1,86.0,86.0,HIGH
101026,32,Male,70507400,Standard,6,6684054,SUV,0,0,No,7342,2,Student,0,49.67,49.67,MEDIUM
101027,42,Female,38710025,Standard,6,3284302,Pickup,9,1,Yes,6362,1,Engineer,1,87.67,87.67,HIGH
101028,54,Male,77052092,Standard,7,12885227,SUV,13,1,Yes,17583,1,Business Owner,1,92.33,92.33,HIGH
101029,45,Male,176080110,Premium,1,1797634,Motorcycle,12,0,No,37404,0,Teacher,0,65.67,65.67,MEDIUM
101030,27,Male,217623684,Standard,4,1371551,SUV,13,1,No,14104,1,Engineer,0,8.67,8.67,LOW
101031,56,Male,224537919,Standard,1,11396873,Hatchback,0,2,Yes,29048,0,Engineer,1,85.67,85.67,HIGH
101032,34,Male,205139734,Basic,6,5169895,Motorcycle,4,3,No,20628,1,Business Owner,1,87.33,87.33,HIGH
101033,56,Female,206219357,Basic,4,11096229,Hatchback,13,1,No,14929,1,Teacher,1,81.67,81.67,HIGH
101034,39,Female,137916760,Basic,1,12624533,Motorcycle,15,2,No,29674,0,Driver,0,11.33,11.33,LOW
101035,43,Female,176292827,Basic,9,10479821,Sedan,6,2,No,46557,1,Teacher,1,79.67,79.67,HIGH
101036,61,Female,48627745,Standard,4,14256638,Motorcycle,8,2,No,16268,1,Driver,0,11.0,11.0,LOW
101037,42,Female,222295340,Standard,6,13030800,Motorcycle,8,3,Yes,24690,1,Student,0,9.0,9.0,LOW
101038,34,Female,37541175,Basic,7,8364308,Hatchback,7,0,No,33220,1,Engineer,1,76.33,76.33,HIGH
101039,30,Male,210305455,Premium,8,11304562,Hatchback,0,3,No,13704,0,Student,0,7.0,7.0,LOW
101040,37,Male,45410862,Basic,9,7208623,Motorcycle,4,2,Yes,7514,0,Business Owner,1,90.67,90.67,HIGH
101041,42,Female,56280152,Basic,9,5007374,Motorcycle,5,2,No,27834,0,Office Worker,1,79.67,79.67,HIGH
101042,21,Female,227769993,Basic,8,1155647,Pickup,5,4,No,21742,0,Driver,1,85.33,85.33,HIGH
101043,27,Male,123632397,Standard,10,12968953,Sedan,3,2,Yes,33892,1,Business Owner,0,4.67,4.67,LOW
101044,20,Male,182765097,Basic,3,6977664,Sedan,0,0,Yes,30987,0,Driver,1,46.0,46.0,MEDIUM
101045,58,Male,117890104,Standard,2,14582679,SUV,2,1,Yes,41383,3,Student,1,83.33,83.33,HIGH
101046,62,Female,37479981,Standard,5,10566710,Motorcycle,9,1,No,17840,0,Office Worker,1,83.67,83.67,HIGH
101047,35,Female,102755705,Premium,1,13042059,Motorcycle,14,0,No,38144,1,Teacher,1,68.0,68.0,MEDIUM
101048,64,Female,145451677,Basic,3,9850441,Motorcycle,14,5,No,27771,0,Engineer,1,92.67,92.67,HIGH
101049,53,Male,187115958,Basic,1,14261293,Motorcycle,3,2,No,31733,0,Teacher,0,6.67,6.67,LOW
101050,64,Male,96264168,Basic,3,13461289,Sedan,3,2,No,22480,0,Driver,1,81.0,81.0,HIGH
101051,39,Female,182705549,Standard,4,6244412,Hatchback,12,0,No,23019,1,Engineer,1,76.0,76.0,HIGH
101052,51,Female,173712802,Basic,7,12005278,Pickup,3,5,No,19945,0,Student,1,75.0,75.0,HIGH
101053,64,Male,196581555,Premium,5,12637002,Hatchback,13,3,Yes,14641,1,Driver,1,93.67,93.67,HIGH
101054,25,Male,124313711,Standard,5,2754741,Hatchback,4,4,No,18232,3,Teacher,1,85.0,85.0,HIGH
101055,57,Male,188290849,Standard,1,2130127,Sedan,12,0,No,47326,1,Student,1,75.0,75.0,HIGH
101056,66,Male,86449993,Standard,8,7460284,Pickup,14,2,Yes,14315,1,Engineer,1,89.67,89.67,HIGH
101057,61,Female,223912098,Basic,4,13130504,Motorcycle,14,0,No,46851,1,Student,1,64.67,64.67,MEDIUM
101058,36,Male,228986378,Basic,10,6094733,Sedan,10,0,No,27615,0,Student,1,80.0,80.0,HIGH
101059,59,Male,126824010,Basic,5,5924306,Sedan,8,1,No,26255,1,Student,0,61.0,61.0,MEDIUM
101060,58,Male,100810388,Standard,2,1951710,Pickup,15,1,No,33709,1,Business Owner,1,86.33,86.33,HIGH
101061,54,Female,121410004,Basic,1,14421512,SUV,15,2,Yes,38272,1,Business Owner,1,83.67,83.67,HIGH
101062,23,Female,71177493,Basic,9,5307427,Sedan,3,1,No,25355,2,Driver,1,82.67,82.67,HIGH
101063,69,Male,184732396,Premium,2,12216308,Hatchback,8,2,Yes,28363,0,Student,1,87.67,87.67,HIGH
101064,43,Male,69923382,Basic,6,12427814,Hatchback,8,0,Yes,13068,0,Teacher,1,77.67,77.67,HIGH
101065,51,Male,87344912,Premium,1,8739637,Motorcycle,0,1,No,45452,2,Student,0,57.67,57.67,MEDIUM
101066,62,Female,213872127,Standard,1,7920343,Sedan,4,1,No,45089,0,Student,1,76.67,76.67,HIGH
101067,23,Female,153387965,Basic,9,9205703,Motorcycle,8,1,No,46223,1,Business Owner,1,71.67,71.67,HIGH
101068,54,Female,144052545,Basic,4,14912274,Sedan,3,1,No,48832,0,Engineer,1,50.67,50.67,MEDIUM
101069,50,Male,246035339,Basic,9,4514734,Pickup,4,3,No,9822,0,Student,1,84.0,84.0,HIGH
101070,70,Female,179318968,Standard,5,2297327,Sedan,3,3,No,23893,1,Office Worker,1,74.33,74.33,HIGH
101071,39,Male,216673129,Standard,7,14667997,SUV,12,2,No,15497,1,Driver,1,84.0,84.0,HIGH
101072,38,Male,247979025,Standard,1,5011577,Hatchback,15,0,Yes,34801,1,Business Owner,1,90.0,90.0,HIGH
101073,23,Male,242421877,Premium,6,10224277,Pickup,1,5,Yes,17251,0,Engineer,1,80.67,80.67,HIGH
101074,23,Female,137520186,Standard,8,10059382,Hatchback,9,0,No,25570,0,Office Worker,0,5.33,5.33,LOW
101075,65,Male,194186634,Basic,1,10565817,Motorcycle,15,0,No,46145,1,Student,1,52.67,52.67,MEDIUM
101076,21,Female,218291023,Basic,9,10254905,Pickup,1,0,Yes,22944,0,Teacher,1,71.0,71.0,HIGH
101077,47,Female,74176816,Premium,3,11078653,SUV,1,0,Yes,8679,1,Teacher,0,4.0,4.0,LOW
101078,28,Male,66604850,Basic,1,5780651,Hatchback,15,3,Yes,42380,1,Business Owner,1,88.33,88.33,HIGH
101079,47,Male,101858897,Basic,1,1311294,Sedan,12,3,No,24205,0,Student,1,86.0,86.0,HIGH
101080,48,Female,220228130,Standard,6,2613955,Sedan,0,0,Yes,19272,1,Driver,1,51.67,51.67,MEDIUM
101081,41,Male,148061236,Standard,6,3301348,Sedan,15,2,Yes,4412,1,Business Owner,1,90.67,90.67,HIGH
101082,26,Female,212506874,Premium,1,7292359,Pickup,2,1,No,5249,0,Office Worker,1,68.0,68.0,MEDIUM
101083,20,Male,114130841,Standard,3,14872512,SUV,14,1,No,5239,2,Teacher,1,60.67,60.67,MEDIUM
101084,68,Female,64754383,Basic,7,6034971,SUV,13,1,No,43641,0,Engineer,1,83.0,83.0,HIGH
101085,48,Female,73544005,Premium,10,12327534,SUV,10,1,No,15614,1,Engineer,0,7.0,7.0,LOW
101086,57,Female,160787448,Basic,3,14805283,Hatchback,9,1,Yes,26277,0,Driver,1,88.33,88.33,HIGH
101087,54,Female,185511339,Basic,3,6278452,Pickup,0,1,No,11835,1,Engineer,1,69.33,69.33,MEDIUM
101088,53,Male,30181930,Standard,3,13338378,Sedan,3,0,No,32028,0,Engineer,0,2.33,2.33,LOW
101089,41,Male,197906799,Basic,7,11257668,Hatchback,0,1,No,17803,0,Driver,1,69.0,69.0,MEDIUM
101090,48,Female,68878697,Standard,4,5543511,SUV,3,0,No,15795,1,Teacher,1,69.0,69.0,MEDIUM
101091,23,Female,136034443,Basic,4,4068689,Sedan,2,0,No,18653,0,Office Worker,1,71.0,71.0,HIGH
101092,19,Male,246675195,Standard,3,3519379,Pickup,8,2,Yes,40953,1,Business Owner,1,92.67,92.67,HIGH
101093,37,Male,122428812,Standard,10,13486604,Motorcycle,0,0,No,23674,2,Teacher,0,8.67,8.67,LOW
101094,45,Male,40955843,Standard,9,14204740,SUV,13,1,Yes,49267,0,Business Owner,1,87.33,87.33,HIGH
101095,28,Male,180909094,Premium,2,5247837,SUV,7,3,No,23526,0,Driver,1,86.33,86.33,HIGH
101096,21,Male,51875637,Basic,4,7153301,SUV,10,3,No,45345,1,Teacher,1,93.67,93.67,HIGH
101097,32,Male,214831809,Standard,8,14812141,SUV,8,2,No,42920,2,Student,1,80.33,80.33,HIGH
101098,23,Female,133401466,Standard,6,2168964,Sedan,11,1,No,35614,1,Driver,0,8.0,8.0,LOW
101099,66,Male,176904154,Basic,7,7058014,Pickup,6,3,No,21968,1,Driver,1,81.33,81.33,HIGH
101100,47,Male,119226714,Standard,7,14754970,Hatchback,0,0,No,20985,2,Driver,1,70.0,70.0,HIGH
101101,55,Female,40340110,Standard,2,10183671,Sedan,3,0,No,49566,2,Driver,1,74.67,74.67,HIGH
101102,68,Male,117307454,Basic,4,8594968,Pickup,9,3,No,20191,3,Engineer,1,88.67,88.67,HIGH
101103,19,Male,31240327,Standard,10,12621724,Hatchback,0,3,No,46619,2,Engineer,1,69.0,69.0,MEDIUM
101104,32,Male,150598982,Basic,10,6891966,SUV,3,3,No,44074,2,Teacher,1,78.33,78.33,HIGH
101105,28,Male,54915838,Standard,6,6837211,Pickup,14,5,No,48686,2,Office Worker,1,90.33,90.33,HIGH
101106,25,Male,81620918,Basic,3,5129295,SUV,2,2,No,34908,0,Driver,1,69.0,69.0,MEDIUM
101107,43,Female,239183853,Premium,9,9024373,Pickup,1,0,No,48252,1,Business Owner,0,5.0,5.0,LOW
101108,68,Male,54839934,Standard,4,4967924,Motorcycle,0,2,No,32072,1,Student,1,75.33,75.33,HIGH
101109,62,Female,242209831,Standard,10,4902859,SUV,5,0,No,15093,1,Engineer,0,6.0,6.0,LOW
101110,61,Female,156838843,Standard,2,5184737,SUV,11,3,No,11165,2,Business Owner,1,79.33,79.33,HIGH
101111,22,Male,244564043,Premium,6,7944758,SUV,6,0,No,46688,1,Engineer,1,84.0,84.0,HIGH
101112,23,Female,177453260,Standard,1,5307380,Sedan,5,1,Yes,23555,0,Teacher,1,85.33,85.33,HIGH
101113,43,Male,110313277,Basic,6,13157631,Hatchback,8,0,No,29025,2,Office Worker,1,82.67,82.67,HIGH
101114,21,Female,189654634,Standard,10,3818710,SUV,11,0,No,15574,0,Student,1,65.67,65.67,MEDIUM
101115,36,Female,172239998,Premium,1,4957100,SUV,8,0,Yes,37336,1,Engineer,0,9.33,9.33,LOW
101116,37,Male,183134524,Standard,8,12379610,Sedan,1,0,No,28898,0,Student,1,68.67,68.67,MEDIUM
101117,50,Male,46709264,Standard,5,10508976,Sedan,14,1,No,28436,0,Student,1,70.33,70.33,HIGH
101118,37,Male,190695863,Premium,6,11907408,Motorcycle,14,2,No,45690,1,Teacher,1,90.67,90.67,HIGH
101119,66,Male,65322851,Premium,2,8348399,Pickup,1,4,No,25821,3,Business Owner,1,84.67,84.67,HIGH
101120,29,Male,45638676,Premium,2,8050417,SUV,8,2,No,7904,2,Engineer,0,6.67,6.67,LOW
101121,64,Female,132766279,Basic,9,10183613,Pickup,0,3,No,38701,1,Student,0,7.0,7.0,LOW
101122,18,Female,142751897,Standard,3,4282178,Sedan,4,2,Yes,31094,2,Teacher,1,84.0,84.0,HIGH
101123,43,Female,166136591,Standard,6,14434640,Sedan,0,4,No,7509,0,Driver,1,83.0,83.0,HIGH
101124,31,Female,49693539,Standard,10,6911740,Motorcycle,6,4,No,7526,1,Student,1,82.67,82.67,HIGH
101125,55,Female,78938971,Standard,5,13910897,Hatchback,8,1,No,41677,2,Student,1,81.67,81.67,HIGH
101126,54,Female,242150069,Basic,4,2594745,Sedan,5,0,No,38935,0,Engineer,1,72.33,72.33,HIGH
101127,28,Female,132177820,Standard,10,14439577,SUV,13,1,Yes,13110,0,Driver,0,7.67,7.67,LOW
101128,53,Male,31257838,Standard,2,6949782,Motorcycle,1,1,No,37108,0,Student,0,3.67,3.67,LOW
101129,30,Male,185317028,Basic,8,5783877,Hatchback,5,2,No,4514,4,Engineer,1,84.0,84.0,HIGH
101130,60,Female,115301341,Standard,10,6302427,Motorcycle,8,0,Yes,20795,5,Engineer,1,93.67,93.67,HIGH
101131,20,Female,152757974,Basic,7,7954038,Sedan,2,1,No,30612,1,Teacher,1,63.33,63.33,MEDIUM
101132,50,Male,126472655,Basic,2,8347965,Hatchback,15,0,No,43492,3,Student,1,83.33,83.33,HIGH
101133,23,Male,108744525,Basic,6,10153735,Pickup,8,1,No,7167,0,Office Worker,1,81.67,81.67,HIGH
101134,67,Male,35601417,Standard,8,6865874,Hatchback,7,0,No,20406,1,Office Worker,1,70.0,70.0,HIGH
101135,27,Male,187333766,Standard,7,11957413,SUV,14,1,Yes,32203,0,Business Owner,1,88.67,88.67,HIGH
101136,22,Female,245305388,Standard,1,7167324,Pickup,12,1,No,46246,1,Office Worker,1,86.67,86.67,HIGH
101137,40,Male,64028092,Standard,5,12356782,Pickup,11,1,Yes,32248,0,Office Worker,1,86.67,86.67,HIGH
101138,27,Female,44787044,Premium,2,13904201,SUV,6,0,No,47731,1,Engineer,1,50.33,50.33,MEDIUM
101139,61,Female,196924252,Basic,6,7466138,Pickup,7,2,No,12304,0,Engineer,0,8.0,8.0,LOW
101140,19,Female,119064834,Basic,7,2368240,Sedan,9,1,No,7808,1,Teacher,1,57.0,57.0,MEDIUM
101141,30,Male,226396110,Premium,7,6771712,Hatchback,5,0,No,31455,0,Student,1,77.0,77.0,HIGH
101142,57,Male,109062435,Basic,3,6202662,Hatchback,2,0,Yes,11833,2,Student,0,10.0,10.0,LOW
101143,19,Female,52082158,Premium,7,12327004,SUV,6,1,No,34897,3,Engineer,1,85.33,85.33,HIGH
101144,37,Female,153593837,Premium,5,12737018,Sedan,3,1,No,42501,4,Student,1,60.33,60.33,MEDIUM
101145,18,Female,181196626,Standard,8,14540034,Pickup,10,1,No,13429,0,Engineer,0,8.0,8.0,LOW
101146,54,Male,148482572,Premium,8,11322670,Hatchback,9,2,Yes,7907,1,Office Worker,1,82.33,82.33,HIGH
101147,26,Female,65784489,Basic,7,2991524,Hatchback,13,1,No,14678,4,Student,1,87.33,87.33,HIGH
101148,34,Male,115573844,Basic,6,8557086,Hatchback,4,1,No,6225,1,Office Worker,0,60.0,60.0,MEDIUM
101149,26,Female,224252132,Standard,2,8827327,Hatchback,7,0,No,4014,0,Business Owner,1,80.0,80.0,HIGH
101150,28,Female,68640858,Standard,6,6168394,Motorcycle,14,2,No,9768,1,Teacher,1,89.33,89.33,HIGH
101151,32,Female,178771318,Premium,9,4563733,SUV,6,0,No,41226,3,Teacher,1,54.67,54.67,MEDIUM
101152,41,Male,149124147,Basic,2,7686289,Pickup,6,1,No,5021,3,Student,1,85.33,85.33,HIGH
101153,55,Male,228645212,Standard,1,13842623,Pickup,7,2,No,46896,2,Engineer,1,70.67,70.67,HIGH
101154,52,Female,129150675,Standard,5,10013730,SUV,9,0,Yes,38874,1,Teacher,0,60.33,60.33,MEDIUM
101155,47,Male,224309592,Standard,6,3137154,Sedan,2,2,No,44743,0,Engineer,0,9.0,9.0,LOW
101156,48,Female,103058309,Basic,3,9644157,SUV,2,1,No,11862,0,Teacher,1,74.33,74.33,HIGH
101157,66,Male,171281278,Standard,8,14564036,Hatchback,1,1,Yes,46729,3,Business Owner,1,83.0,83.0,HIGH
101158,22,Male,233626851,Premium,7,11180232,Hatchback,14,3,Yes,46533,1,Engineer,1,94.33,94.33,HIGH
101159,61,Male,165513153,Basic,2,14065755,SUV,0,1,Yes,5584,0,Office Worker,1,81.67,81.67,HIGH
101160,67,Female,168690645,Premium,7,1374994,SUV,9,2,No,7942,2,Engineer,1,61.67,61.67,MEDIUM
101161,31,Male,27429151,Standard,1,2702875,Pickup,5,0,Yes,37045,0,Business Owner,1,78.33,78.33,HIGH
101162,70,Male,223835345,Standard,9,7937292,Pickup,5,1,Yes,38811,0,Driver,1,89.0,89.0,HIGH
101163,28,Female,88808437,Standard,7,5149285,Motorcycle,12,0,No,10370,1,Driver,0,4.33,4.33,LOW
101164,26,Female,173918115,Basic,6,8371818,Motorcycle,9,1,No,47132,1,Office Worker,1,81.0,81.0,HIGH
101165,51,Female,120943709,Standard,2,8807604,Hatchback,11,1,No,16672,1,Driver,0,63.67,63.67,MEDIUM
101166,29,Female,97630316,Premium,3,2778650,Motorcycle,7,1,No,11369,2,Engineer,0,6.67,6.67,LOW
101167,52,Male,132513618,Standard,1,8407293,Motorcycle,15,3,No,11467,0,Business Owner,1,90.33,90.33,HIGH
101168,52,Male,66505238,Premium,10,12814957,Sedan,13,3,No,29935,0,Teacher,1,86.33,86.33,HIGH
101169,18,Male,50492108,Standard,5,3799045,SUV,5,2,No,49721,2,Office Worker,1,88.0,88.0,HIGH
101170,57,Male,95886205,Basic,9,9292005,Pickup,5,2,No,22865,2,Driver,0,10.0,10.0,LOW
101171,39,Male,190496693,Standard,6,13853552,Motorcycle,0,1,No,14551,0,Engineer,1,68.67,68.67,MEDIUM
101172,46,Female,67211548,Premium,5,10557706,Pickup,11,2,Yes,45384,1,Teacher,1,92.33,92.33,HIGH
101173,25,Male,163803043,Basic,3,13988398,Motorcycle,6,1,No,34417,1,Teacher,1,84.33,84.33,HIGH
101174,28,Male,72614485,Premium,5,12217128,Motorcycle,6,2,No,10897,3,Engineer,0,64.33,64.33,MEDIUM
101175,58,Male,131562227,Premium,8,11768628,Hatchback,9,3,No,5469,0,Student,1,88.0,88.0,HIGH
101176,54,Female,113862643,Standard,2,7584016,Sedan,8,2,No,30661,1,Student,1,77.0,77.0,HIGH
101177,31,Female,228096995,Basic,5,5668710,SUV,13,1,No,35397,4,Business Owner,1,78.0,78.0,HIGH
101178,47,Male,207509286,Standard,6,2649478,SUV,14,1,No,42819,0,Office Worker,1,86.33,86.33,HIGH
101179,52,Female,233894962,Basic,10,10530750,Hatchback,11,0,No,46332,0,Driver,1,55.67,55.67,MEDIUM
101180,38,Female,180924370,Standard,8,14883549,Hatchback,6,0,No,24827,0,Driver,0,6.0,6.0,LOW
101181,54,Female,124235365,Standard,8,7177792,SUV,7,1,No,12782,0,Engineer,1,68.0,68.0,MEDIUM
101182,22,Female,25506995,Standard,5,12661528,SUV,3,1,No,33398,1,Driver,0,9.0,9.0,LOW
101183,36,Female,228512046,Standard,9,8883679,Sedan,8,2,No,28688,2,Business Owner,1,83.0,83.0,HIGH
101184,31,Female,199034254,Standard,4,5596218,Motorcycle,14,3,No,28644,0,Student,1,89.0,89.0,HIGH
101185,43,Female,83259896,Standard,9,6444344,Sedan,13,0,No,19003,0,Engineer,1,76.33,76.33,HIGH
101186,21,Male,94181587,Standard,7,6991303,SUV,0,2,Yes,38313,0,Office Worker,1,79.33,79.33,HIGH
101187,42,Male,231554120,Standard,6,6151300,Motorcycle,7,1,No,43433,2,Engineer,1,79.67,79.67,HIGH
101188,62,Female,220773727,Standard,4,13002333,SUV,2,2,Yes,23033,0,Driver,1,77.33,77.33,HIGH
101189,59,Male,75897283,Premium,2,4262983,Sedan,13,1,No,6907,1,Business Owner,0,9.67,9.67,LOW
101190,42,Male,210076785,Standard,8,8907184,Sedan,0,1,No,39499,0,Office Worker,0,3.67,3.67,LOW
101191,35,Female,119455633,Standard,6,13415250,Sedan,1,3,No,29768,0,Engineer,1,71.67,71.67,HIGH
101192,57,Male,219539012,Standard,3,13620267,Motorcycle,14,0,No,18283,1,Driver,0,6.67,6.67,LOW
101193,25,Female,159505363,Basic,7,10474874,Pickup,5,0,No,10685,1,Engineer,1,76.67,76.67,HIGH
101194,56,Female,159801238,Basic,10,4576758,Pickup,4,2,No,11273,0,Office Worker,0,7.33,7.33,LOW
101195,57,Female,241685181,Premium,7,4832733,SUV,13,0,No,47666,2,Driver,1,83.67,83.67,HIGH
101196,31,Male,175978122,Standard,6,1740174,Motorcycle,2,0,No,16478,0,Student,0,6.67,6.67,LOW
101197,49,Male,231048932,Standard,2,1203811,Hatchback,8,0,Yes,33444,2,Teacher,0,9.0,9.0,LOW
101198,68,Male,108853589,Standard,8,2629494,Pickup,7,2,Yes,14368,0,Office Worker,1,92.33,92.33,HIGH
101199,55,Male,223731705,Basic,1,5373547,Motorcycle,12,1,No,13017,1,Student,1,73.67,73.67,HIGH
101200,50,Female,175062915,Standard,1,10983130,Motorcycle,2,0,Yes,49389,0,Student,0,6.33,6.33,LOW
101201,40,Female,113665052,Standard,6,6762637,Pickup,1,2,No,33679,3,Driver,1,71.67,71.67,HIGH
101202,32,Male,249439595,Standard,5,13860853,Motorcycle,7,0,Yes,11273,1,Engineer,1,90.0,90.0,HIGH
101203,50,Female,105443169,Standard,9,12330991,Motorcycle,15,0,No,27570,3,Engineer,1,85.67,85.67,HIGH
101204,42,Female,153940620,Basic,7,12914781,Pickup,13,0,No,49400,0,Business Owner,1,75.33,75.33,HIGH
101205,34,Male,55186120,Basic,2,8045158,Sedan,14,0,No,36110,1,Office Worker,1,50.67,50.67,MEDIUM
101206,50,Female,159009449,Premium,7,7256878,SUV,4,0,Yes,42708,2,Office Worker,1,58.67,58.67,MEDIUM
101207,64,Male,44838558,Standard,3,6557260,Hatchback,14,1,Yes,35552,1,Driver,1,88.33,88.33,HIGH
101208,19,Female,243704006,Standard,1,1530553,SUV,15,0,No,29430,1,Driver,1,80.67,80.67,HIGH
101209,31,Male,195853522,Basic,8,6763215,Sedan,8,3,Yes,31575,1,Business Owner,1,89.67,89.67,HIGH
101210,70,Female,214243881,Basic,3,4795627,Sedan,0,1,No,36635,0,Business Owner,0,5.33,5.33,LOW
101211,57,Female,213197341,Standard,8,2251782,Motorcycle,9,1,No,46436,2,Student,1,87.33,87.33,HIGH
101212,57,Male,193813726,Standard,7,3066799,SUV,2,0,Yes,35938,1,Teacher,0,3.0,3.0,LOW
101213,68,Male,172845503,Standard,2,9835318,Sedan,4,3,No,29358,2,Business Owner,1,89.0,89.0,HIGH
101214,56,Male,75147490,Basic,1,14552684,SUV,1,1,No,11769,0,Engineer,1,71.33,71.33,HIGH
101215,68,Male,90743288,Standard,7,12518716,Sedan,2,3,No,11259,1,Student,1,80.33,80.33,HIGH
101216,23,Female,55418772,Basic,1,2730934,Hatchback,3,1,No,37283,0,Teacher,1,78.0,78.0,HIGH
101217,23,Female,80413150,Basic,6,6334306,Sedan,3,0,No,32729,3,Business Owner,1,87.33,87.33,HIGH
101218,20,Male,194391442,Standard,10,12497678,SUV,10,1,No,11192,0,Teacher,1,79.0,79.0,HIGH
101219,24,Female,229760670,Basic,10,11416027,Motorcycle,8,0,No,37966,0,Engineer,1,78.67,78.67,HIGH
101220,68,Male,154627316,Basic,8,2456098,SUV,0,0,Yes,20285,0,Engineer,1,65.0,65.0,MEDIUM
101221,25,Male,102332767,Standard,7,12712753,Pickup,11,1,No,25287,2,Student,1,84.0,84.0,HIGH
101222,59,Female,180436915,Standard,4,4288685,SUV,15,1,No,48805,3,Student,1,91.33,91.33,HIGH
101223,69,Female,63405257,Premium,1,13168305,Hatchback,8,0,No,34347,2,Engineer,0,49.33,49.33,MEDIUM
101224,32,Male,101384571,Standard,1,14413170,Hatchback,14,4,No,43523,1,Driver,1,93.67,93.67,HIGH
101225,64,Male,198367255,Basic,4,13114221,Hatchback,15,0,No,11986,2,Student,0,8.67,8.67,LOW
101226,46,Male,32438096,Basic,5,5070675,Sedan,8,0,No,5066,1,Office Worker,0,7.0,7.0,LOW
101227,50,Female,28053407,Premium,7,9485983,Hatchback,10,4,No,45779,2,Driver,1,83.33,83.33,HIGH
101228,69,Female,188528847,Standard,4,2819941,SUV,5,0,No,33754,1,Office Worker,1,52.33,52.33,MEDIUM
101229,47,Female,110303311,Standard,10,4949244,Motorcycle,10,0,No,21922,0,Teacher,0,8.33,8.33,LOW
101230,56,Female,85251437,Basic,1,4497319,Hatchback,0,0,No,39675,3,Teacher,0,8.0,8.0,LOW
101231,44,Male,126071270,Standard,10,3189465,SUV,10,0,No,46014,3,Teacher,1,85.67,85.67,HIGH
101232,53,Male,31818922,Basic,7,12306553,Sedan,12,1,Yes,38364,1,Business Owner,1,75.67,75.67,HIGH
101233,46,Male,149288087,Standard,2,9468902,Sedan,11,0,No,48426,0,Student,0,6.67,6.67,LOW
101234,55,Male,71270592,Premium,2,8925651,Motorcycle,5,1,Yes,32428,1,Student,1,89.67,89.67,HIGH
101235,50,Male,42929098,Premium,8,11580817,Motorcycle,7,1,Yes,22705,0,Engineer,1,89.33,89.33,HIGH
101236,54,Male,184113556,Standard,10,3248753,SUV,15,2,No,45098,3,Student,1,86.33,86.33,HIGH
101237,44,Female,151773251,Standard,10,13248270,Motorcycle,4,0,No,27104,2,Teacher,1,71.33,71.33,HIGH
101238,50,Female,199771526,Premium,10,1383829,Motorcycle,4,3,No,33032,1,Office Worker,1,76.0,76.0,HIGH
101239,21,Male,94580185,Standard,5,13557170,Sedan,0,3,No,38389,0,Driver,1,79.0,79.0,HIGH
101240,39,Male,126363566,Basic,10,8436949,SUV,0,3,No,13920,3,Business Owner,1,86.67,86.67,HIGH
101241,19,Female,50256241,Standard,2,10931316,Motorcycle,7,1,No,45125,1,Driver,1,70.0,70.0,HIGH
101242,27,Female,40393675,Basic,5,7584532,SUV,12,0,Yes,49517,0,Office Worker,1,83.33,83.33,HIGH
101243,22,Female,197395102,Standard,8,11464321,Hatchback,4,1,No,39609,0,Business Owner,1,77.67,77.67,HIGH
101244,27,Female,168666896,Standard,6,14098215,Sedan,7,2,No,17423,2,Engineer,1,83.33,83.33,HIGH
101245,50,Male,89052448,Standard,3,6506932,Sedan,9,2,No,40326,1,Student,1,79.33,79.33,HIGH
101246,55,Male,57250847,Standard,8,2022762,Sedan,1,1,Yes,35690,0,Student,1,78.67,78.67,HIGH
101247,30,Male,214268288,Basic,9,7798161,Pickup,14,1,Yes,48536,0,Engineer,1,87.33,87.33,HIGH
101248,48,Male,141363822,Standard,5,1554700,SUV,3,1,No,28099,3,Office Worker,1,85.67,85.67,HIGH
101249,64,Male,123004955,Premium,2,9210174,Hatchback,12,3,No,40107,0,Engineer,1,79.67,79.67,HIGH
101250,53,Female,157797620,Standard,2,5448232,Motorcycle,10,1,No,36006,1,Teacher,1,76.67,76.67,HIGH
101251,62,Male,90985129,Basic,7,10649288,Hatchback,13,1,Yes,27810,1,Office Worker,1,73.33,73.33,HIGH
101252,41,Female,203084550,Premium,1,13585840,SUV,9,0,No,25714,1,Business Owner,0,6.33,6.33,LOW
101253,69,Male,37998017,Premium,10,1851590,Sedan,15,0,No,35358,0,Driver,1,61.67,61.67,MEDIUM
101254,32,Male,196669097,Basic,2,2210280,Pickup,8,2,No,35033,1,Driver,1,82.33,82.33,HIGH
101255,46,Male,74987331,Basic,10,1032309,SUV,12,0,No,10388,0,Engineer,0,59.0,59.0,MEDIUM
101256,25,Male,198270123,Standard,4,14378624,SUV,2,0,Yes,29095,2,Student,1,78.0,78.0,HIGH
101257,22,Male,29102553,Premium,1,1040449,Motorcycle,5,4,No,13426,0,Engineer,1,81.0,81.0,HIGH
101258,46,Female,187484170,Premium,4,14587587,Hatchback,10,1,Yes,10617,0,Student,1,91.33,91.33,HIGH
101259,64,Female,203892071,Premium,10,14396301,Hatchback,6,0,No,43850,2,Engineer,1,75.33,75.33,HIGH
101260,21,Female,157162353,Standard,5,11129439,Motorcycle,2,1,Yes,43347,1,Engineer,1,79.33,79.33,HIGH
101261,29,Male,234761450,Standard,9,7908801,Pickup,0,1,No,16922,1,Driver,1,77.0,77.0,HIGH
101262,62,Male,138057098,Basic,1,9093543,Sedan,1,1,No,28511,2,Teacher,1,76.67,76.67,HIGH
101263,19,Female,172692012,Basic,5,12906545,Sedan,10,0,No,42224,1,Student,1,63.0,63.0,MEDIUM
101264,44,Male,68293890,Standard,2,3602226,Pickup,13,5,No,28394,0,Teacher,1,88.67,88.67,HIGH
101265,48,Male,75806795,Standard,9,5793485,Motorcycle,9,0,Yes,31143,1,Teacher,1,74.0,74.0,HIGH
101266,68,Female,139999490,Standard,6,2504915,SUV,6,0,No,5439,4,Teacher,0,7.0,7.0,LOW
101267,68,Male,246121001,Standard,2,12297368,Hatchback,6,0,No,30963,1,Driver,0,7.33,7.33,LOW
101268,53,Female,87606106,Basic,3,5868073,SUV,11,1,No,13019,1,Teacher,1,78.0,78.0,HIGH
101269,53,Male,161330096,Standard,8,8134855,Hatchback,0,3,No,25470,3,Student,1,76.0,76.0,HIGH
101270,43,Female,52609269,Basic,1,7214846,SUV,9,0,Yes,30191,1,Business Owner,0,8.33,8.33,LOW
101271,60,Male,199590913,Standard,3,4344301,Motorcycle,6,1,No,45833,4,Teacher,1,81.0,81.0,HIGH
101272,44,Male,92985200,Standard,10,7528148,Motorcycle,14,0,No,48267,1,Teacher,1,76.33,76.33,HIGH
101273,22,Female,48213953,Standard,1,8174742,Pickup,9,0,No,29349,0,Business Owner,1,80.33,80.33,HIGH
101274,37,Male,80229755,Premium,8,12560351,SUV,10,0,No,11391,2,Teacher,1,77.33,77.33,HIGH
101275,28,Male,30782197,Basic,1,10925127,SUV,15,0,No,32658,2,Business Owner,0,6.0,6.0,LOW
101276,27,Female,38317715,Standard,5,5568798,Pickup,5,1,Yes,11369,1,Office Worker,1,87.0,87.0,HIGH
101277,57,Male,136337125,Basic,4,2901412,Pickup,10,1,No,41310,2,Driver,1,85.33,85.33,HIGH
101278,55,Female,104007515,Standard,7,1116751,Motorcycle,5,2,No,12122,0,Driver,0,9.33,9.33,LOW
101279,23,Male,104806232,Premium,5,11142825,Motorcycle,6,1,Yes,14928,2,Business Owner,1,79.67,79.67,HIGH
101280,25,Male,103967903,Standard,8,9294682,SUV,6,3,Yes,37804,4,Engineer,1,86.67,86.67,HIGH
101281,40,Male,191526332,Premium,1,11121576,Motorcycle,0,1,No,45445,1,Driver,1,75.67,75.67,HIGH
101282,64,Male,139103049,Basic,5,10727633,Motorcycle,9,1,Yes,41318,1,Student,1,91.67,91.67,HIGH
101283,43,Female,45849083,Premium,4,4200034,SUV,4,0,Yes,40031,1,Driver,1,81.0,81.0,HIGH
101284,63,Male,48888169,Basic,3,3316400,Pickup,14,3,No,48048,0,Driver,1,85.0,85.0,HIGH
101285,60,Female,221850471,Premium,5,2169715,SUV,13,5,No,45875,1,Student,1,90.67,90.67,HIGH
101286,29,Male,73617184,Basic,10,8882638,Sedan,13,0,Yes,42094,1,Business Owner,1,73.0,73.0,HIGH
101287,43,Male,26418060,Basic,3,8484350,SUV,7,3,No,27591,3,Business Owner,1,90.33,90.33,HIGH
101288,30,Male,180223031,Standard,8,4048500,Sedan,7,0,No,16891,1,Student,1,81.0,81.0,HIGH
101289,57,Male,141974965,Premium,3,14795162,SUV,2,2,No,46894,1,Driver,0,4.67,4.67,LOW
101290,35,Female,159062633,Basic,1,8623760,Sedan,2,1,No,44796,1,Teacher,1,74.33,74.33,HIGH
101291,42,Female,29639022,Standard,9,12257447,Sedan,6,0,No,10721,1,Driver,0,5.0,5.0,LOW
101292,50,Female,134200629,Premium,9,6782337,SUV,14,0,Yes,21541,2,Business Owner,0,11.0,11.0,LOW
101293,64,Female,50657039,Standard,6,6268848,Motorcycle,3,1,No,29152,1,Teacher,1,81.67,81.67,HIGH
101294,57,Male,131661100,Basic,10,5069617,Hatchback,5,0,Yes,10123,0,Office Worker,1,82.67,82.67,HIGH
101295,60,Female,211818069,Standard,1,7496286,Motorcycle,8,4,Yes,8812,1,Business Owner,1,93.33,93.33,HIGH
101296,29,Female,183683603,Standard,8,7151996,Sedan,9,1,No,39112,0,Student,1,83.67,83.67,HIGH
101297,61,Male,84628273,Premium,2,4785407,SUV,1,2,Yes,23840,1,Teacher,1,66.33,66.33,MEDIUM
101298,53,Male,218259882,Standard,9,6305377,SUV,15,1,No,4208,1,Office Worker,0,7.67,7.67,LOW
101299,65,Male,243789146,Standard,8,13063986,SUV,1,2,No,21242,0,Office Worker,1,80.0,80.0,HIGH
101300,21,Male,225365608,Premium,3,6079990,SUV,5,0,No,22087,0,Student,1,84.67,84.67,HIGH
101301,22,Female,148775137,Standard,5,6835522,Hatchback,2,0,Yes,4971,1,Teacher,1,71.67,71.67,HIGH
101302,54,Female,201215513,Basic,9,3133520,Pickup,0,3,No,32795,1,Engineer,1,43.0,43.0,MEDIUM
101303,25,Male,160900760,Basic,1,5238413,Sedan,1,0,No,36881,1,Business Owner,1,73.33,73.33,HIGH
101304,59,Male,181227595,Standard,9,9338125,Hatchback,13,1,No,3983,0,Driver,0,6.33,6.33,LOW
101305,66,Male,108629479,Basic,4,2237293,Motorcycle,12,0,No,32941,1,Teacher,1,82.0,82.0,HIGH
101306,45,Female,30954632,Premium,4,10363109,Pickup,6,1,Yes,14502,2,Business Owner,1,89.33,89.33,HIGH
101307,48,Female,144558731,Standard,4,9416034,Pickup,3,0,Yes,31577,2,Student,0,6.33,6.33,LOW
101308,26,Male,144588697,Basic,10,1904064,SUV,11,1,No,46731,1,Driver,1,84.0,84.0,HIGH
101309,68,Male,83765512,Standard,9,6806191,Hatchback,1,2,Yes,13354,1,Engineer,1,85.0,85.0,HIGH
101310,46,Female,107028383,Standard,6,8792515,Motorcycle,10,0,No,5127,2,Student,1,57.0,57.0,MEDIUM
101311,31,Male,61900577,Premium,8,14787452,SUV,11,3,No,23023,1,Business Owner,1,71.33,71.33,HIGH
101312,57,Male,151768815,Premium,4,3610320,SUV,11,4,No,31850,0,Office Worker,1,91.0,91.0,HIGH
101313,58,Female,144624467,Standard,3,13429979,Sedan,7,0,No,26860,1,Student,1,74.0,74.0,HIGH
101314,39,Male,219190374,Standard,1,10365337,Pickup,3,3,No,36328,1,Student,1,63.0,63.0,MEDIUM
101315,28,Female,52381819,Standard,10,1671367,Motorcycle,3,1,No,9652,5,Business Owner,1,62.33,62.33,MEDIUM
101316,40,Male,142920321,Standard,7,6846945,Pickup,1,0,No,33979,0,Engineer,0,2.67,2.67,LOW
101317,18,Male,245754240,Basic,4,11530618,Hatchback,15,2,No,45769,1,Business Owner,1,86.33,86.33,HIGH
101318,63,Female,230501874,Basic,8,3011153,Sedan,13,0,No,23771,0,Business Owner,0,57.67,57.67,MEDIUM
101319,54,Female,231782075,Standard,3,4497914,SUV,0,0,No,44250,2,Engineer,0,4.33,4.33,LOW
101320,38,Male,182859491,Basic,1,6063834,Sedan,0,2,No,48597,0,Engineer,1,74.67,74.67,HIGH
101321,43,Female,238233047,Basic,5,13078863,SUV,2,0,No,37677,1,Student,1,70.33,70.33,HIGH
101322,63,Male,222276570,Standard,2,1456185,Sedan,5,2,Yes,42998,1,Office Worker,1,87.33,87.33,HIGH
101323,53,Male,61128129,Basic,3,14513481,SUV,6,3,Yes,15881,0,Business Owner,1,90.0,90.0,HIGH
101324,40,Female,191749854,Standard,6,9237415,Pickup,12,1,Yes,20331,1,Office Worker,1,86.0,86.0,HIGH
101325,18,Male,144411789,Standard,3,10478475,Pickup,8,0,Yes,13719,1,Engineer,1,83.67,83.67,HIGH
101326,68,Male,123286785,Premium,3,2087381,Pickup,4,1,No,37116,1,Engineer,1,54.67,54.67,MEDIUM
101327,57,Female,241538396,Standard,6,2147407,Pickup,8,2,Yes,11572,1,Business Owner,1,95.0,95.0,HIGH
101328,32,Female,91075147,Basic,5,3246667,Sedan,7,1,No,12896,3,Student,1,82.33,82.33,HIGH
101329,38,Male,151773860,Standard,10,1009290,SUV,0,3,No,36077,1,Business Owner,1,74.0,74.0,HIGH
101330,64,Female,86766811,Premium,9,6588658,Pickup,15,2,Yes,22798,0,Student,0,7.67,7.67,LOW
101331,26,Female,200668563,Premium,1,11242688,Sedan,15,6,Yes,8789,0,Driver,1,78.0,78.0,HIGH
101332,70,Female,31097020,Standard,3,10218330,SUV,10,0,No,12690,1,Student,0,4.67,4.67,LOW
101333,26,Female,131017638,Basic,3,5279490,Sedan,11,1,No,46854,1,Business Owner,1,78.0,78.0,HIGH
101334,27,Male,26196311,Premium,6,2850123,Pickup,2,1,No,42336,1,Business Owner,1,78.67,78.67,HIGH
101335,69,Male,240837588,Basic,8,2578013,Hatchback,7,3,No,49221,0,Student,1,82.0,82.0,HIGH
101336,70,Male,54609865,Standard,3,12314184,Sedan,15,2,No,44620,0,Office Worker,1,85.33,85.33,HIGH
101337,43,Female,225559213,Standard,3,7571316,Pickup,8,0,No,22831,1,Student,1,53.67,53.67,MEDIUM
101338,58,Female,142582669,Basic,6,13418492,Motorcycle,13,3,Yes,29073,1,Driver,1,88.0,88.0,HIGH
101339,52,Female,142340004,Basic,8,8740068,SUV,3,0,No,13264,1,Driver,1,35.33,35.33,MEDIUM
101340,69,Female,189978321,Basic,6,10173696,Pickup,13,1,Yes,19049,0,Office Worker,1,85.0,85.0,HIGH
101341,42,Female,35675927,Standard,10,8190953,Motorcycle,13,1,No,14628,1,Driver,1,67.33,67.33,MEDIUM
101342,43,Female,147228621,Premium,3,3008880,Sedan,13,5,No,5142,1,Business Owner,1,91.67,91.67,HIGH
101343,28,Female,240634593,Basic,4,2865407,Sedan,11,0,No,17843,1,Office Worker,1,70.67,70.67,HIGH
101344,55,Male,206539967,Premium,1,8459406,Motorcycle,5,0,Yes,32236,0,Office Worker,1,79.0,79.0,HIGH
101345,19,Male,241934713,Basic,8,6548122,Motorcycle,3,1,No,45565,1,Office Worker,1,81.67,81.67,HIGH
101346,24,Female,160680331,Standard,4,11269127,SUV,12,1,No,49255,1,Teacher,1,90.0,90.0,HIGH
101347,35,Female,135326933,Basic,6,14946875,Sedan,15,0,No,24123,1,Student,1,80.33,80.33,HIGH
101348,44,Female,103518263,Premium,3,3474427,Motorcycle,14,0,Yes,29007,1,Student,1,86.0,86.0,HIGH
101349,51,Male,192908805,Standard,6,10961174,Hatchback,8,5,No,17825,1,Office Worker,1,87.33,87.33,HIGH
101350,44,Male,141903971,Standard,9,6009486,Hatchback,1,2,No,13142,0,Driver,1,80.33,80.33,HIGH
101351,34,Female,211201507,Premium,9,4368410,Motorcycle,5,4,No,31498,1,Teacher,1,74.67,74.67,HIGH
101352,60,Female,193958997,Standard,10,1934814,SUV,10,1,No,36226,1,Teacher,0,9.0,9.0,LOW
101353,61,Male,134394125,Premium,3,14424742,Sedan,12,3,No,43348,0,Business Owner,1,86.67,86.67,HIGH
101354,68,Male,174334654,Standard,3,5932206,Hatchback,2,0,Yes,30524,0,Business Owner,1,73.0,73.0,HIGH
101355,41,Male,69378959,Premium,4,9695097,Motorcycle,9,0,Yes,18298,0,Student,0,78.0,78.0,HIGH
101356,42,Male,133508515,Standard,7,7406377,Motorcycle,3,2,No,15135,0,Engineer,1,72.0,72.0,HIGH
101357,24,Female,209603063,Basic,3,14198929,Pickup,1,2,No,10380,1,Office Worker,1,81.0,81.0,HIGH
101358,69,Male,206209816,Standard,10,8916163,Motorcycle,10,0,Yes,29589,0,Engineer,1,90.67,90.67,HIGH
101359,23,Male,245594080,Basic,8,3762734,SUV,15,0,No,35466,2,Business Owner,1,82.0,82.0,HIGH
101360,70,Female,132506604,Standard,8,5152554,Hatchback,7,3,No,39788,0,Student,0,8.67,8.67,LOW
101361,41,Male,248277203,Standard,6,4046165,Pickup,9,2,Yes,27920,1,Student,1,93.67,93.67,HIGH
101362,50,Male,61183569,Standard,4,11617218,Hatchback,7,1,No,8643,1,Student,1,50.33,50.33,MEDIUM
101363,66,Male,105296229,Basic,5,9190798,Hatchback,0,0,Yes,19729,0,Student,1,72.33,72.33,HIGH
101364,46,Female,221812994,Basic,2,11526638,SUV,9,1,Yes,44284,0,Student,1,80.33,80.33,HIGH
101365,60,Male,40614614,Standard,6,7492197,Motorcycle,5,2,No,9610,0,Office Worker,1,66.0,66.0,MEDIUM
101366,39,Female,29776415,Premium,3,8316640,SUV,0,2,No,21522,0,Teacher,1,73.0,73.0,HIGH
101367,43,Female,52205484,Standard,6,14800909,Motorcycle,5,2,Yes,23773,0,Engineer,1,88.33,88.33,HIGH
101368,45,Male,119294138,Standard,5,4901359,Pickup,6,4,No,14804,0,Teacher,1,81.67,81.67,HIGH
101369,67,Male,107322831,Standard,2,8855220,SUV,14,1,Yes,10816,1,Business Owner,1,89.0,89.0,HIGH
101370,38,Male,155529978,Standard,5,11051824,SUV,1,3,Yes,30473,1,Business Owner,1,86.33,86.33,HIGH
101371,66,Male,236686340,Basic,5,1988807,Sedan,8,3,Yes,14932,0,Teacher,1,93.0,93.0,HIGH
101372,24,Female,183203331,Standard,9,12315081,SUV,7,1,Yes,20494,0,Student,1,86.0,86.0,HIGH
101373,34,Male,82223828,Basic,8,6781801,Sedan,8,1,Yes,26709,2,Student,1,87.67,87.67,HIGH
101374,37,Male,62416039,Premium,7,3683684,Motorcycle,14,1,No,33189,0,Teacher,1,79.67,79.67,HIGH
101375,58,Male,36917042,Basic,3,11373851,Motorcycle,9,2,No,33905,2,Student,1,84.67,84.67,HIGH
101376,66,Female,157978125,Standard,10,14511123,Motorcycle,12,0,Yes,9487,1,Teacher,0,65.67,65.67,MEDIUM
101377,37,Male,45901606,Basic,4,4889200,Sedan,3,0,Yes,20204,0,Driver,1,73.0,73.0,HIGH
101378,39,Male,94765086,Basic,6,14977229,Motorcycle,3,1,Yes,8988,2,Business Owner,1,86.0,86.0,HIGH
101379,45,Female,207406861,Standard,3,10089069,Hatchback,11,1,No,30364,2,Student,1,72.67,72.67,HIGH
101380,57,Female,202287877,Basic,9,1700066,SUV,7,1,No,41403,0,Engineer,1,43.33,43.33,MEDIUM
101381,66,Male,72375247,Basic,8,10121052,Sedan,0,1,Yes,24048,1,Driver,0,8.33,8.33,LOW
101382,24,Male,143994256,Standard,6,5209419,Motorcycle,7,0,No,10093,1,Office Worker,1,81.67,81.67,HIGH
101383,18,Male,197039148,Basic,4,6318259,Hatchback,6,1,No,40372,0,Driver,1,62.0,62.0,MEDIUM
101384,49,Male,131356310,Basic,7,6476433,SUV,11,3,Yes,20947,3,Driver,1,91.0,91.0,HIGH
101385,30,Male,35176828,Premium,3,1564267,SUV,6,0,No,33735,2,Driver,0,6.67,6.67,LOW
101386,47,Female,154840838,Standard,10,3793153,Motorcycle,8,1,No,32196,1,Engineer,1,77.0,77.0,HIGH
101387,40,Female,30459501,Premium,8,4922874,Hatchback,14,0,Yes,25727,0,Business Owner,1,84.33,84.33,HIGH
101388,68,Male,66129759,Premium,1,7822160,Sedan,12,1,No,45167,0,Student,0,3.0,3.0,LOW
101389,36,Male,29013582,Standard,3,8219593,Motorcycle,15,2,No,27884,1,Engineer,1,89.33,89.33,HIGH
101390,49,Female,162090603,Basic,5,13555029,SUV,9,1,No,37607,0,Engineer,1,83.33,83.33,HIGH
101391,47,Male,236545488,Standard,5,5850258,SUV,6,2,No,10675,0,Teacher,1,82.0,82.0,HIGH
101392,46,Male,106683112,Premium,10,9796217,SUV,14,0,No,47312,0,Student,0,7.33,7.33,LOW
101393,66,Male,124513653,Standard,2,5622900,Motorcycle,1,3,No,43769,3,Teacher,1,80.67,80.67,HIGH
101394,62,Male,211391022,Standard,10,10089024,Pickup,0,0,No,12575,1,Teacher,1,63.67,63.67,MEDIUM
101395,46,Male,131463841,Basic,8,5151511,Pickup,0,0,No,38074,1,Driver,0,4.67,4.67,LOW
101396,47,Female,49747780,Premium,5,4538236,Pickup,15,0,Yes,49998,3,Teacher,1,89.0,89.0,HIGH
101397,33,Male,200810668,Standard,7,7126819,Hatchback,6,2,No,28756,0,Office Worker,0,10.33,10.33,LOW
101398,57,Male,107743066,Premium,7,3082264,Motorcycle,4,0,No,13664,1,Driver,0,7.33,7.33,LOW
101399,36,Male,141081011,Basic,5,5836835,SUV,3,0,No,18114,0,Driver,0,7.33,7.33,LOW
101400,35,Female,110482326,Basic,8,12408125,Hatchback,4,1,No,24524,0,Teacher,0,6.67,6.67,LOW
101401,18,Female,202980007,Basic,9,7918814,Pickup,9,1,No,14159,0,Teacher,0,8.67,8.67,LOW
101402,31,Female,189289279,Standard,4,2608990,Sedan,9,1,Yes,16299,1,Business Owner,1,92.33,92.33,HIGH
101403,68,Female,153079738,Basic,4,3701822,Hatchback,5,0,No,31032,2,Driver,1,76.33,76.33,HIGH
101404,64,Male,234520845,Basic,8,4368513,Hatchback,11,0,No,44397,1,Office Worker,1,53.0,53.0,MEDIUM
101405,67,Female,94578794,Premium,1,14534098,Motorcycle,14,0,No,3455,1,Engineer,1,84.0,84.0,HIGH
101406,19,Male,25131936,Basic,4,3639668,Hatchback,9,0,No,45529,2,Teacher,1,70.67,70.67,HIGH
101407,45,Male,83557684,Premium,6,8833547,Motorcycle,5,1,No,45578,3,Driver,1,83.33,83.33,HIGH
101408,66,Female,130815326,Standard,4,14131209,Sedan,0,3,No,47572,3,Engineer,1,85.67,85.67,HIGH
101409,67,Female,68922786,Premium,6,1786526,SUV,1,2,No,37280,0,Teacher,0,6.0,6.0,LOW
101410,47,Female,214391632,Standard,5,10937388,SUV,2,1,Yes,7738,0,Business Owner,1,75.67,75.67,HIGH
101411,55,Female,44247186,Premium,9,12614972,Pickup,3,1,Yes,35266,1,Teacher,1,82.0,82.0,HIGH
101412,68,Female,124718253,Premium,10,12632789,Pickup,5,1,No,19775,0,Office Worker,0,6.33,6.33,LOW
101413,21,Male,80394229,Basic,9,6653526,Sedan,11,0,No,38389,2,Student,1,87.67,87.67,HIGH
101414,18,Female,152125693,Basic,4,8394518,SUV,11,0,No,18718,1,Student,1,79.0,79.0,HIGH
101415,25,Female,198084630,Basic,4,9216974,Pickup,10,0,Yes,9176,1,Teacher,1,82.67,82.67,HIGH
101416,46,Female,36924255,Standard,8,11975641,Hatchback,12,0,No,12112,1,Business Owner,1,74.33,74.33,HIGH
101417,56,Male,191003623,Premium,10,3078850,Motorcycle,8,1,Yes,25103,0,Office Worker,1,83.67,83.67,HIGH
101418,20,Female,108341196,Standard,4,11746003,Pickup,11,0,No,41809,2,Teacher,0,9.33,9.33,LOW
101419,49,Male,111464762,Standard,2,11820716,Sedan,1,2,No,30033,1,Engineer,0,8.0,8.0,LOW
101420,27,Female,72701715,Basic,2,2376807,SUV,7,0,Yes,22984,0,Business Owner,1,73.0,73.0,HIGH
101421,27,Female,38936930,Premium,1,12779192,Sedan,8,1,Yes,34742,3,Driver,0,74.33,74.33,HIGH
101422,36,Male,127168196,Premium,5,8741734,Motorcycle,1,1,Yes,40978,1,Engineer,0,6.67,6.67,LOW
101423,63,Female,87110920,Basic,6,12583943,Motorcycle,8,3,Yes,7508,0,Teacher,0,8.0,8.0,LOW
101424,51,Male,121878917,Standard,9,10840145,Sedan,6,1,No,42210,2,Driver,1,81.33,81.33,HIGH
101425,50,Male,234907096,Basic,5,12903144,Pickup,8,3,Yes,9216,0,Driver,1,93.33,93.33,HIGH
101426,40,Male,63837854,Standard,6,14841093,Pickup,5,0,No,27269,1,Engineer,0,5.0,5.0,LOW
101427,45,Female,46384981,Standard,6,12028378,SUV,1,1,No,3260,1,Driver,1,79.33,79.33,HIGH
101428,49,Female,202244097,Basic,3,2759268,SUV,7,1,No,9833,1,Student,0,8.0,8.0,LOW
101429,67,Female,216707052,Standard,4,3594489,Hatchback,9,0,Yes,12527,0,Engineer,0,8.0,8.0,LOW
101430,24,Male,245484420,Basic,1,3020612,Hatchback,14,4,No,49014,2,Business Owner,1,92.0,92.0,HIGH
101431,46,Female,83954235,Standard,4,2824998,SUV,8,0,No,8944,0,Student,1,78.0,78.0,HIGH
101432,25,Male,189186842,Standard,1,13804349,Hatchback,11,3,No,25518,0,Business Owner,1,92.33,92.33,HIGH
101433,18,Female,88993927,Basic,5,14936968,Sedan,7,1,No,26259,0,Office Worker,1,76.67,76.67,HIGH
101434,20,Male,164437302,Standard,8,9920966,Pickup,1,0,Yes,32860,1,Business Owner,1,70.67,70.67,HIGH
101435,41,Male,207739584,Standard,8,7817064,Hatchback,14,3,Yes,34559,1,Engineer,1,93.67,93.67,HIGH
101436,40,Male,35387155,Standard,5,1875475,Hatchback,7,1,No,36102,1,Business Owner,0,5.67,5.67,LOW
101437,25,Female,80901099,Basic,10,1301065,Sedan,2,2,No,10669,2,Office Worker,0,62.33,62.33,MEDIUM
101438,64,Male,171650966,Standard,2,11492349,Motorcycle,2,3,No,38547,0,Driver,1,82.0,82.0,HIGH
101439,54,Male,104622751,Premium,6,11419097,SUV,8,1,No,28379,0,Engineer,0,4.0,4.0,LOW
101440,20,Male,247895690,Basic,1,12365187,Sedan,12,0,No,26712,1,Teacher,1,77.67,77.67,HIGH
101441,68,Male,98971622,Basic,7,8879909,Motorcycle,8,1,No,22191,2,Student,1,67.33,67.33,MEDIUM
101442,50,Male,239044654,Basic,4,11522135,Sedan,14,1,Yes,16259,1,Student,1,95.0,95.0,HIGH
101443,45,Male,193768053,Standard,5,11528845,Pickup,8,0,No,40958,0,Business Owner,1,70.0,70.0,HIGH
101444,64,Female,53362071,Basic,6,5779432,Sedan,3,2,Yes,28516,0,Student,1,86.0,86.0,HIGH
101445,25,Female,152668170,Standard,1,8963024,Sedan,11,0,No,38931,1,Office Worker,0,51.67,51.67,MEDIUM
101446,51,Male,161888220,Standard,9,9284268,Pickup,13,1,No,12094,2,Teacher,1,76.0,76.0,HIGH
101447,52,Female,133017717,Standard,10,3980631,SUV,6,1,No,14624,1,Student,0,6.0,6.0,LOW
101448,49,Female,39223887,Standard,4,11283336,Motorcycle,12,3,No,26872,1,Business Owner,1,84.67,84.67,HIGH
101449,41,Male,95086163,Standard,8,4031402,Hatchback,7,3,No,35791,1,Student,0,7.67,7.67,LOW
101450,31,Male,111820397,Standard,5,4436386,SUV,14,1,No,7652,0,Driver,1,61.0,61.0,MEDIUM
101451,49,Male,138018818,Basic,8,1195961,Sedan,14,1,No,38516,1,Driver,0,11.0,11.0,LOW
101452,63,Female,57329598,Basic,1,8737099,Hatchback,12,1,No,28972,1,Student,1,82.33,82.33,HIGH
101453,60,Male,87023737,Premium,8,13471636,Pickup,14,0,No,11095,2,Engineer,1,78.67,78.67,HIGH
101454,33,Female,192337396,Basic,4,4746050,SUV,12,0,No,6357,0,Teacher,0,69.0,69.0,MEDIUM
101455,21,Male,49928384,Standard,2,5126030,Motorcycle,4,1,Yes,15096,1,Student,1,81.0,81.0,HIGH
101456,69,Female,143986576,Premium,6,4506260,SUV,12,1,Yes,11095,1,Driver,1,86.33,86.33,HIGH
101457,54,Male,246344449,Basic,2,10893385,SUV,14,0,Yes,13680,1,Driver,1,90.0,90.0,HIGH
101458,38,Male,229042140,Standard,5,13486432,Hatchback,14,1,No,43851,0,Office Worker,1,83.67,83.67,HIGH
101459,31,Female,227105683,Standard,2,3141997,Pickup,0,3,No,31242,2,Business Owner,0,4.67,4.67,LOW
101460,48,Female,152995911,Premium,3,5079162,Pickup,14,0,No,29333,1,Office Worker,1,79.67,79.67,HIGH
101461,65,Female,36765788,Premium,6,12788595,SUV,8,1,No,16169,0,Engineer,1,69.33,69.33,MEDIUM
101462,35,Female,55725231,Standard,1,14739905,Pickup,5,1,No,27539,2,Business Owner,1,71.67,71.67,HIGH
101463,24,Female,60261362,Basic,6,7404892,Hatchback,2,2,Yes,42837,2,Student,1,83.67,83.67,HIGH
101464,27,Female,249071328,Standard,3,8578230,Hatchback,2,1,Yes,24722,1,Student,1,74.33,74.33,HIGH
101465,24,Male,56766658,Standard,7,4429031,Motorcycle,13,4,No,21916,1,Engineer,1,90.0,90.0,HIGH
101466,50,Female,244068603,Standard,2,11974048,Pickup,13,1,No,41105,0,Teacher,1,63.67,63.67,MEDIUM
101467,40,Male,39284450,Basic,6,8888323,Motorcycle,9,0,Yes,6773,2,Driver,1,92.33,92.33,HIGH
101468,38,Male,203744004,Basic,8,3727162,Sedan,0,0,No,32945,0,Teacher,0,43.33,43.33,MEDIUM
101469,36,Female,93687322,Standard,1,12770780,Hatchback,12,1,No,24045,1,Student,1,83.0,83.0,HIGH
101470,65,Male,50435339,Standard,9,12324644,SUV,7,3,No,5057,2,Office Worker,1,86.67,86.67,HIGH
101471,36,Female,68563219,Basic,5,6994299,Hatchback,1,0,Yes,20061,0,Driver,0,3.0,3.0,LOW
101472,53,Female,81313452,Standard,5,8921275,Sedan,11,0,No,16138,3,Student,1,82.0,82.0,HIGH
101473,46,Male,53963091,Premium,5,11202707,SUV,0,3,Yes,38742,2,Driver,1,85.0,85.0,HIGH
101474,35,Male,39912584,Standard,6,13272342,Pickup,6,2,No,27860,1,Teacher,1,79.67,79.67,HIGH
101475,19,Female,243775794,Basic,2,8320812,Pickup,13,1,No,18903,1,Business Owner,1,87.67,87.67,HIGH
101476,18,Female,208606373,Basic,6,9660592,Hatchback,10,0,No,32042,0,Student,1,83.67,83.67,HIGH
101477,64,Male,153850906,Basic,4,5690136,SUV,8,0,No,42212,1,Student,1,61.33,61.33,MEDIUM
101478,22,Male,155343082,Premium,8,9691520,SUV,5,1,Yes,21224,0,Driver,0,10.33,10.33,LOW
101479,37,Male,234172364,Standard,9,1807359,Motorcycle,7,0,Yes,4878,0,Business Owner,1,87.0,87.0,HIGH
101480,28,Male,135336187,Standard,9,2933630,Sedan,7,1,No,42057,1,Office Worker,1,74.67,74.67,HIGH
101481,59,Female,100156920,Standard,8,4161057,Pickup,8,3,No,12802,0,Business Owner,1,84.67,84.67,HIGH
101482,19,Female,173354133,Standard,3,2064367,Hatchback,6,0,Yes,31538,1,Office Worker,1,82.67,82.67,HIGH
101483,20,Female,48767091,Premium,10,14946259,SUV,8,1,No,26603,1,Engineer,1,80.0,80.0,HIGH
101484,40,Female,224752556,Standard,4,10828213,Pickup,14,0,Yes,18037,1,Teacher,0,8.67,8.67,LOW
101485,29,Male,185886613,Basic,1,3766884,Hatchback,8,0,Yes,14690,0,Business Owner,1,75.67,75.67,HIGH
101486,37,Male,218451050,Basic,9,6226047,Pickup,11,3,No,13323,1,Office Worker,1,85.33,85.33,HIGH
101487,22,Female,62562578,Standard,5,9760306,Hatchback,10,0,No,6314,3,Driver,1,81.67,81.67,HIGH
101488,54,Female,190498823,Premium,6,11616196,Pickup,0,2,No,49185,2,Office Worker,1,72.33,72.33,HIGH
101489,55,Female,27361331,Basic,3,6329953,Motorcycle,5,1,No,37146,0,Engineer,0,6.33,6.33,LOW
101490,47,Female,244262151,Premium,10,12784230,Sedan,11,0,No,17356,2,Office Worker,1,69.33,69.33,MEDIUM
101491,26,Female,136583017,Standard,8,11782274,Pickup,7,1,No,14269,2,Teacher,1,80.0,80.0,HIGH
101492,51,Female,126204825,Basic,7,2099984,Sedan,9,0,No,46974,1,Business Owner,0,4.67,4.67,LOW
101493,70,Female,220612399,Basic,1,10583490,Pickup,8,2,No,8340,2,Office Worker,1,52.0,52.0,MEDIUM
101494,61,Female,163566258,Basic,10,7430060,SUV,14,2,Yes,47852,1,Business Owner,1,88.67,88.67,HIGH
101495,52,Female,201055321,Standard,5,3394712,Motorcycle,3,2,No,45675,1,Engineer,1,73.0,73.0,HIGH
101496,69,Male,231483350,Basic,10,2121015,Motorcycle,12,0,No,36220,2,Office Worker,0,6.67,6.67,LOW
101497,39,Female,124057962,Standard,9,9931138,Sedan,1,2,No,44301,1,Office Worker,1,51.33,51.33,MEDIUM
101498,61,Male,144594060,Standard,6,12191374,SUV,10,2,Yes,3392,0,Engineer,1,93.0,93.0,HIGH
101499,41,Male,202701787,Standard,8,11302940,Hatchback,8,4,Yes,8471,0,Teacher,1,91.67,91.67,HIGH
101500,34,Female,117393608,Basic,10,10210289,Motorcycle,8,0,Yes,11137,0,Office Worker,1,90.33,90.33,HIGH
101501,27,Female,126069843,Standard,1,11323740,SUV,11,1,No,16997,2,Business Owner,1,85.0,85.0,HIGH
101502,47,Male,140538359,Standard,10,8172937,SUV,7,1,No,22434,2,Teacher,0,8.0,8.0,LOW
101503,63,Male,110543663,Standard,7,4385375,Sedan,2,0,No,44930,1,Student,1,61.33,61.33,MEDIUM
101504,40,Female,209612390,Premium,3,1871510,SUV,4,0,No,33278,4,Teacher,1,73.67,73.67,HIGH
101505,49,Male,188092914,Basic,9,7585894,SUV,1,4,No,13397,1,Student,1,85.33,85.33,HIGH
101506,34,Female,124160843,Premium,6,13249480,Hatchback,13,0,No,34530,0,Business Owner,1,81.67,81.67,HIGH
101507,67,Female,182471950,Standard,5,5591204,Sedan,2,1,Yes,7794,3,Office Worker,1,74.67,74.67,HIGH
101508,68,Female,215459870,Standard,8,5611315,Sedan,0,1,Yes,26794,2,Business Owner,1,79.67,79.67,HIGH
101509,34,Male,43012598,Standard,8,7808807,SUV,3,2,No,19549,0,Engineer,0,5.33,5.33,LOW
101510,31,Male,223602701,Standard,3,14045315,Hatchback,4,2,Yes,44214,1,Business Owner,1,87.0,87.0,HIGH
101511,26,Female,231554890,Basic,2,5335807,Pickup,11,1,No,44261,0,Student,1,68.67,68.67,MEDIUM
101512,57,Male,79864537,Standard,2,8808915,Motorcycle,1,2,No,9363,3,Teacher,1,59.33,59.33,MEDIUM
101513,19,Male,221129833,Standard,5,1351771,Sedan,14,0,Yes,47063,3,Driver,1,85.0,85.0,HIGH
101514,62,Male,57502170,Standard,10,11576141,Hatchback,14,0,No,11079,2,Engineer,1,74.0,74.0,HIGH
101515,42,Male,203580261,Basic,7,5546475,Hatchback,2,0,No,15032,0,Office Worker,0,5.67,5.67,LOW
101516,56,Male,124699297,Premium,8,12786977,SUV,11,1,Yes,46516,3,Teacher,1,75.0,75.0,HIGH
101517,26,Male,118572370,Standard,10,11147916,Motorcycle,5,0,No,4505,1,Business Owner,1,83.0,83.0,HIGH
101518,39,Male,32775679,Basic,8,10245406,Sedan,5,2,No,12448,2,Engineer,1,88.33,88.33,HIGH
101519,60,Female,128795589,Standard,8,9482784,Pickup,14,2,No,16240,2,Student,1,83.0,83.0,HIGH
101520,63,Male,34929645,Standard,10,9723622,SUV,6,1,No,43177,1,Office Worker,1,77.33,77.33,HIGH
101521,21,Male,180027315,Standard,3,14154587,Sedan,11,2,No,33739,1,Business Owner,1,94.0,94.0,HIGH
101522,43,Male,145042864,Standard,2,13242623,Sedan,15,1,No,35977,2,Teacher,1,80.33,80.33,HIGH
101523,46,Male,244635625,Premium,4,10184344,Hatchback,8,1,Yes,23177,0,Business Owner,1,85.0,85.0,HIGH
101524,62,Male,149208347,Basic,1,8846431,Motorcycle,3,0,No,22431,1,Office Worker,0,3.33,3.33,LOW
101525,51,Male,123506304,Standard,3,2852040,Pickup,4,1,No,5119,2,Teacher,1,42.67,42.67,MEDIUM
101526,40,Male,194787234,Premium,9,9479899,Motorcycle,10,1,No,3177,2,Driver,1,55.0,55.0,MEDIUM
101527,54,Male,217295239,Premium,7,1899321,Hatchback,1,0,No,37314,1,Driver,0,5.0,5.0,LOW
101528,28,Female,113606138,Standard,7,8399518,Pickup,15,2,Yes,49954,0,Engineer,1,94.67,94.67,HIGH
101529,23,Male,70905971,Premium,1,4735568,Pickup,5,1,No,13226,0,Business Owner,1,84.33,84.33,HIGH
101530,35,Male,208488373,Basic,7,3520022,SUV,15,1,No,27874,3,Engineer,1,86.67,86.67,HIGH
101531,38,Male,105037806,Premium,10,4184972,Pickup,3,0,No,33985,1,Office Worker,0,6.33,6.33,LOW
101532,59,Male,249723319,Basic,7,12933494,Sedan,4,1,No,30143,2,Teacher,1,85.0,85.0,HIGH
101533,53,Female,77134150,Basic,4,3147849,Motorcycle,15,0,No,15231,0,Engineer,1,84.0,84.0,HIGH
101534,58,Female,93571402,Basic,7,7155343,Motorcycle,6,2,No,17016,2,Business Owner,1,83.0,83.0,HIGH
101535,55,Female,165597606,Standard,8,4934853,SUV,5,1,No,17134,0,Driver,0,6.67,6.67,LOW
101536,51,Female,148186492,Basic,3,10100719,Pickup,7,1,No,17082,2,Driver,1,72.33,72.33,HIGH
101537,34,Female,35463128,Basic,10,14712586,Hatchback,5,1,No,10775,1,Office Worker,1,83.0,83.0,HIGH
101538,54,Female,80541643,Basic,2,8870579,Sedan,9,2,No,19175,0,Student,1,88.67,88.67,HIGH
101539,42,Female,86152921,Basic,7,3741186,SUV,13,1,No,17133,1,Engineer,0,8.33,8.33,LOW
101540,55,Female,112820133,Standard,5,9895707,Pickup,7,1,Yes,45383,2,Office Worker,1,90.67,90.67,HIGH
101541,29,Female,131527371,Standard,5,11593532,Hatchback,12,5,No,25427,1,Driver,1,83.67,83.67,HIGH
101542,40,Female,223090666,Basic,5,11603688,Pickup,13,1,No,17837,0,Business Owner,1,80.33,80.33,HIGH
101543,70,Female,42509938,Standard,7,6290299,SUV,13,0,No,13546,2,Business Owner,0,3.67,3.67,LOW
101544,59,Female,181075636,Premium,9,2366825,Hatchback,3,2,No,27992,0,Teacher,1,51.33,51.33,MEDIUM
101545,39,Female,152620516,Standard,8,13779891,Hatchback,11,0,Yes,13748,1,Student,1,86.33,86.33,HIGH
101546,38,Female,114911341,Basic,6,4828471,Hatchback,6,2,Yes,28496,0,Student,1,85.67,85.67,HIGH
101547,44,Female,217794420,Standard,7,3120556,Hatchback,2,3,No,4553,3,Driver,1,86.67,86.67,HIGH
101548,48,Female,39058071,Basic,9,10904283,Pickup,0,1,No,28241,1,Student,1,74.0,74.0,HIGH
101549,23,Male,235916047,Basic,6,9489573,Hatchback,12,1,Yes,5469,1,Student,1,95.33,95.33,HIGH
101550,44,Female,186834252,Basic,1,4726348,Pickup,8,1,No,4474,1,Business Owner,1,73.33,73.33,HIGH
101551,57,Male,95984280,Premium,4,4316219,Hatchback,8,2,No,34109,0,Teacher,1,86.33,86.33,HIGH
101552,51,Female,113924540,Basic,8,9085968,Hatchback,5,3,No,25861,0,Engineer,1,86.33,86.33,HIGH
101553,29,Female,87738549,Basic,7,8967502,SUV,15,1,Yes,49527,2,Business Owner,1,86.67,86.67,HIGH
101554,62,Male,105969656,Basic,3,11326235,Pickup,14,1,Yes,36105,0,Teacher,1,84.67,84.67,HIGH
101555,70,Female,149758131,Premium,10,6724174,Pickup,1,1,No,42759,1,Business Owner,0,5.0,5.0,LOW
101556,24,Male,242595509,Standard,3,13691181,Motorcycle,15,0,Yes,47119,0,Driver,1,92.0,92.0,HIGH
101557,27,Male,38398275,Basic,3,3957428,SUV,7,2,No,36855,1,Teacher,1,87.0,87.0,HIGH
101558,62,Male,114924682,Standard,1,11918218,Pickup,9,0,Yes,37061,1,Teacher,1,77.67,77.67,HIGH
101559,34,Female,51859824,Standard,10,14494327,SUV,5,2,No,44616,0,Driver,1,73.0,73.0,HIGH
101560,43,Female,244494406,Standard,1,7325598,SUV,6,1,No,33072,0,Teacher,0,8.0,8.0,LOW
101561,38,Female,96655789,Basic,6,11595459,SUV,12,0,No,8964,1,Engineer,1,75.67,75.67,HIGH
101562,45,Male,185115210,Premium,1,2669090,Sedan,0,3,Yes,38596,1,Office Worker,1,84.0,84.0,HIGH
101563,63,Male,241774632,Basic,5,11588041,Pickup,2,1,No,9472,0,Student,1,76.0,76.0,HIGH
101564,19,Female,28775702,Standard,4,8851347,SUV,14,1,No,23357,2,Teacher,1,84.33,84.33,HIGH
101565,60,Female,196862444,Basic,5,9889116,Sedan,0,1,Yes,26045,1,Student,1,81.0,81.0,HIGH
101566,18,Female,48547377,Standard,7,2111545,Sedan,9,0,No,9564,0,Business Owner,1,62.33,62.33,MEDIUM
101567,68,Female,119674459,Standard,6,13095284,Hatchback,0,2,No,4336,2,Business Owner,1,53.33,53.33,MEDIUM
101568,70,Female,99007274,Standard,9,9477852,Hatchback,11,1,No,46316,2,Teacher,1,83.0,83.0,HIGH
101569,53,Male,161673646,Basic,6,4039382,Pickup,11,0,Yes,18181,1,Teacher,1,71.0,71.0,HIGH
101570,68,Male,167270776,Standard,9,8048369,Hatchback,10,2,Yes,37435,0,Teacher,1,91.0,91.0,HIGH
101571,43,Male,37194329,Basic,4,9582676,Pickup,12,1,Yes,31606,1,Engineer,1,89.33,89.33,HIGH
101572,46,Female,39042008,Standard,1,8733359,Sedan,0,2,No,4212,1,Teacher,0,7.67,7.67,LOW
101573,38,Male,150533724,Premium,1,14124745,Sedan,3,2,No,5768,0,Student,1,80.0,80.0,HIGH
101574,28,Male,140127762,Standard,10,1657739,Pickup,12,2,No,32737,0,Business Owner,1,91.33,91.33,HIGH
101575,57,Male,86086560,Standard,7,2275421,Hatchback,6,1,No,48375,1,Business Owner,0,6.0,6.0,LOW
101576,28,Male,50476259,Standard,3,11990460,Hatchback,6,2,Yes,30634,2,Teacher,1,88.67,88.67,HIGH
101577,53,Male,201319245,Standard,2,7116658,Pickup,11,1,No,12589,0,Driver,0,4.67,4.67,LOW
101578,66,Female,183583117,Premium,6,1696480,Motorcycle,12,2,Yes,29794,2,Office Worker,1,82.67,82.67,HIGH
101579,56,Male,167172957,Basic,6,10717137,Hatchback,4,0,Yes,39444,0,Teacher,0,57.0,57.0,MEDIUM
101580,57,Female,213279746,Standard,7,6164621,SUV,11,1,Yes,21694,1,Engineer,1,92.0,92.0,HIGH
101581,52,Female,86158095,Standard,5,7758677,Hatchback,5,0,Yes,10085,2,Office Worker,1,82.0,82.0,HIGH
101582,51,Female,246791981,Standard,8,14921599,Motorcycle,1,5,No,21211,1,Office Worker,1,81.33,81.33,HIGH
101583,64,Female,206370269,Basic,7,8218708,Sedan,4,0,No,25669,0,Teacher,0,8.0,8.0,LOW
101584,41,Female,40239667,Standard,2,7246896,Sedan,6,0,Yes,22603,1,Engineer,1,72.67,72.67,HIGH
101585,39,Male,135398556,Premium,1,8232874,Sedan,13,0,No,26155,1,Student,0,3.67,3.67,LOW
101586,22,Male,87648941,Premium,9,2943419,Hatchback,8,0,No,40456,0,Teacher,1,88.0,88.0,HIGH
101587,50,Female,60534839,Standard,5,11171022,Sedan,5,1,Yes,7511,0,Business Owner,0,11.0,11.0,LOW
101588,53,Female,232469784,Standard,5,5607011,Motorcycle,11,0,Yes,21456,1,Engineer,1,85.67,85.67,HIGH
101589,64,Female,196049906,Premium,10,4326254,Motorcycle,13,0,No,26154,0,Business Owner,1,84.0,84.0,HIGH
101590,37,Male,25801125,Basic,4,3429365,Hatchback,9,1,No,31765,1,Teacher,1,88.33,88.33,HIGH
101591,36,Female,77718185,Basic,2,3972703,SUV,3,1,No,21714,0,Teacher,0,9.0,9.0,LOW
101592,52,Male,246102586,Standard,5,3387117,Hatchback,2,5,No,49234,2,Driver,1,87.0,87.0,HIGH
101593,69,Female,173993582,Premium,2,2020576,Sedan,8,3,No,36453,1,Office Worker,0,6.33,6.33,LOW
101594,60,Male,44470911,Premium,7,1685305,Hatchback,6,2,No,36452,1,Driver,0,68.67,68.67,MEDIUM
101595,34,Female,110654773,Standard,9,12955962,Motorcycle,10,1,No,30513,0,Office Worker,1,77.67,77.67,HIGH
101596,62,Male,124786995,Basic,9,14709222,Hatchback,13,1,No,34535,2,Student,1,89.0,89.0,HIGH
101597,60,Female,119265849,Standard,6,1456982,Hatchback,12,0,No,31287,0,Engineer,1,80.33,80.33,HIGH
101598,51,Male,101807487,Basic,1,13808874,SUV,5,0,No,11532,2,Student,1,78.33,78.33,HIGH
101599,26,Male,30254230,Basic,6,3497537,Motorcycle,15,0,Yes,15891,4,Office Worker,1,88.67,88.67,HIGH
101600,43,Male,196628760,Standard,5,7200513,Pickup,6,1,No,36501,1,Teacher,1,74.33,74.33,HIGH
101601,19,Male,37901865,Basic,4,14991077,Pickup,14,0,No,4496,1,Driver,0,9.0,9.0,LOW
101602,70,Male,209651270,Premium,6,9916726,Motorcycle,7,3,No,18154,0,Office Worker,1,86.0,86.0,HIGH
101603,26,Male,127071573,Standard,6,12459570,Pickup,4,3,Yes,14146,1,Teacher,0,7.33,7.33,LOW
101604,26,Male,69476240,Standard,6,11310556,Sedan,2,2,No,8450,2,Student,0,6.0,6.0,LOW
101605,57,Female,98297617,Basic,2,8536371,Pickup,2,0,No,40403,0,Teacher,1,66.67,66.67,MEDIUM
101606,34,Female,68547632,Basic,7,10596013,Sedan,12,1,No,21116,3,Teacher,1,89.33,89.33,HIGH
101607,18,Female,138525928,Basic,4,12598203,Motorcycle,1,0,No,46995,1,Student,0,4.0,4.0,LOW
101608,42,Female,196438729,Premium,9,14536066,Pickup,7,1,No,49791,0,Driver,0,5.67,5.67,LOW
101609,60,Female,78560760,Premium,10,3786278,Pickup,0,2,No,30289,0,Teacher,0,37.0,37.0,MEDIUM
101610,57,Male,193821126,Standard,2,14581894,Sedan,11,0,No,26109,1,Driver,1,72.67,72.67,HIGH
101611,59,Male,133484079,Basic,5,2867427,Sedan,7,0,No,42071,2,Teacher,1,81.33,81.33,HIGH
101612,42,Male,107620796,Premium,4,14386012,Hatchback,2,0,Yes,46439,0,Teacher,0,53.33,53.33,MEDIUM
101613,56,Male,234202481,Basic,9,10846646,SUV,8,0,Yes,27415,1,Student,1,90.0,90.0,HIGH
101614,52,Male,138652453,Basic,4,10462180,Pickup,11,0,No,20803,1,Office Worker,1,58.33,58.33,MEDIUM
101615,20,Female,134884211,Standard,8,13896368,SUV,13,1,No,13181,0,Office Worker,1,79.67,79.67,HIGH
101616,67,Female,228416224,Premium,8,4804153,SUV,11,3,No,35716,0,Engineer,1,87.33,87.33,HIGH
101617,54,Female,32834112,Basic,6,10709795,Pickup,10,0,No,7710,3,Student,1,80.67,80.67,HIGH
101618,61,Female,186224427,Basic,6,8259606,Sedan,1,1,No,44447,1,Engineer,1,70.33,70.33,HIGH
101619,61,Male,96908276,Premium,8,10678636,Hatchback,9,0,Yes,31395,1,Teacher,0,8.0,8.0,LOW
101620,68,Male,242416891,Basic,10,6966319,Motorcycle,8,1,No,16500,0,Student,1,84.0,84.0,HIGH
101621,47,Male,186751969,Basic,9,14922334,Pickup,5,0,Yes,37209,3,Engineer,1,84.0,84.0,HIGH
101622,55,Female,188579395,Standard,5,14201569,Pickup,0,2,Yes,38158,1,Business Owner,1,74.0,74.0,HIGH
101623,51,Male,226286544,Premium,1,7891313,Motorcycle,4,1,No,4384,0,Office Worker,0,5.0,5.0,LOW
101624,29,Female,116615658,Standard,1,1316096,SUV,9,1,Yes,21540,3,Office Worker,1,84.33,84.33,HIGH
101625,36,Male,70949429,Premium,2,4072721,Hatchback,8,2,No,48904,2,Business Owner,1,85.67,85.67,HIGH
101626,54,Male,142753091,Standard,10,12044217,SUV,12,2,No,7396,0,Driver,1,86.67,86.67,HIGH
101627,61,Female,249910848,Basic,10,4162557,Motorcycle,5,1,No,4391,2,Business Owner,1,80.33,80.33,HIGH
101628,66,Male,205234310,Premium,5,6171943,Motorcycle,6,2,Yes,19652,1,Office Worker,1,91.67,91.67,HIGH
101629,34,Male,165573149,Standard,4,11490282,Hatchback,3,2,No,23301,2,Student,0,5.33,5.33,LOW
101630,27,Female,244667633,Basic,1,11309303,Motorcycle,0,0,No,12716,1,Engineer,0,5.0,5.0,LOW
101631,66,Male,180023548,Standard,4,10865719,Motorcycle,4,0,No,18568,2,Office Worker,0,6.0,6.0,LOW
101632,64,Female,87198050,Basic,4,4528206,Hatchback,1,3,No,11669,0,Business Owner,1,63.0,63.0,MEDIUM
101633,29,Male,166651708,Basic,10,13478383,Pickup,7,1,No,7271,2,Student,1,88.33,88.33,HIGH
101634,33,Male,43301847,Basic,4,11604336,SUV,3,0,No,18228,0,Office Worker,1,49.33,49.33,MEDIUM
101635,41,Male,220283235,Standard,1,4642064,Pickup,0,1,No,17256,0,Business Owner,0,42.0,42.0,MEDIUM
101636,36,Male,197996529,Premium,9,12389611,Pickup,9,2,No,28185,0,Office Worker,1,79.67,79.67,HIGH
101637,25,Male,153721651,Standard,3,7453001,SUV,6,1,No,26386,1,Business Owner,1,87.33,87.33,HIGH
101638,48,Male,97070778,Premium,4,8085587,Pickup,11,3,No,27152,1,Teacher,0,9.33,9.33,LOW
101639,38,Male,39390554,Basic,5,10505349,Hatchback,10,1,No,25267,0,Business Owner,1,87.33,87.33,HIGH
101640,34,Male,155012703,Basic,7,12968007,SUV,1,0,Yes,15779,0,Office Worker,1,49.67,49.67,MEDIUM
101641,40,Female,166813581,Basic,6,8940012,Sedan,2,2,No,17434,1,Student,1,76.0,76.0,HIGH
101642,54,Female,125331896,Basic,5,5736033,Pickup,13,0,Yes,32000,1,Office Worker,1,73.33,73.33,HIGH
101643,33,Male,116537041,Basic,8,11516476,Motorcycle,8,1,No,30973,0,Office Worker,1,76.67,76.67,HIGH
101644,23,Male,227232987,Standard,1,11023647,SUV,14,2,Yes,48500,1,Teacher,1,90.33,90.33,HIGH
101645,25,Female,223967803,Premium,7,8346866,Sedan,12,3,No,40861,2,Student,1,82.33,82.33,HIGH
101646,42,Male,41188828,Premium,6,6504489,Motorcycle,8,1,No,9438,3,Teacher,1,85.33,85.33,HIGH
101647,35,Male,104325711,Basic,5,1018179,Sedan,1,0,No,15729,0,Office Worker,0,44.67,44.67,MEDIUM
101648,42,Female,138582638,Premium,7,4434091,Pickup,2,0,Yes,32466,1,Teacher,0,4.67,4.67,LOW
101649,29,Male,167506243,Basic,3,11588913,Motorcycle,15,2,No,29407,2,Engineer,0,84.33,84.33,HIGH
101650,32,Male,247908836,Basic,1,2523155,Pickup,10,1,Yes,32562,5,Engineer,1,88.0,88.0,HIGH
101651,43,Female,102805072,Premium,9,7021143,Motorcycle,11,2,No,25558,1,Engineer,1,89.67,89.67,HIGH
101652,58,Male,126633574,Standard,2,5793559,SUV,8,1,No,28730,0,Business Owner,1,80.67,80.67,HIGH
101653,62,Male,33884527,Basic,10,14471798,Hatchback,0,3,No,45711,1,Driver,1,74.0,74.0,HIGH
101654,43,Female,53447661,Standard,3,4124249,Hatchback,1,3,Yes,30061,1,Teacher,1,88.67,88.67,HIGH
101655,64,Male,47048729,Basic,8,13068120,Sedan,15,1,No,24829,1,Office Worker,1,78.67,78.67,HIGH
101656,49,Female,164222959,Standard,10,2792803,Motorcycle,10,0,No,38101,0,Driver,1,75.0,75.0,HIGH
101657,27,Male,128611430,Standard,9,2743174,Pickup,1,1,No,40154,1,Teacher,0,5.67,5.67,LOW
101658,33,Male,35698216,Premium,3,7337481,SUV,9,1,Yes,15655,1,Engineer,1,85.0,85.0,HIGH
101659,24,Female,93456067,Basic,6,12794617,SUV,13,3,No,23965,2,Student,1,90.0,90.0,HIGH
101660,34,Female,81998429,Standard,7,4467758,SUV,2,1,Yes,19316,0,Engineer,1,81.67,81.67,HIGH
101661,40,Male,100964061,Standard,1,6659659,Hatchback,9,1,No,11359,0,Office Worker,0,61.0,61.0,MEDIUM
101662,43,Female,35781973,Standard,7,7033024,Pickup,2,0,Yes,17172,2,Driver,1,82.67,82.67,HIGH
101663,38,Female,193959178,Basic,4,4501939,SUV,9,1,No,6542,0,Driver,0,62.0,62.0,MEDIUM
101664,39,Male,202853505,Standard,5,9696241,SUV,15,4,Yes,18529,1,Teacher,1,91.0,91.0,HIGH
101665,24,Male,46874795,Premium,8,7009039,Sedan,12,1,No,11054,0,Business Owner,1,83.0,83.0,HIGH
101666,31,Male,200184139,Premium,4,1143492,Motorcycle,15,1,No,42682,0,Student,1,78.0,78.0,HIGH
101667,32,Female,94376221,Premium,4,3888899,Motorcycle,15,1,No,43281,2,Engineer,1,83.67,83.67,HIGH
101668,70,Female,228126563,Premium,8,6707013,Motorcycle,1,0,No,11269,0,Student,1,70.67,70.67,HIGH
101669,24,Female,168750673,Standard,5,9201497,Sedan,7,0,Yes,14090,1,Office Worker,1,87.0,87.0,HIGH
101670,26,Female,141261556,Premium,6,1225648,Hatchback,7,0,Yes,4108,1,Business Owner,0,6.67,6.67,LOW
101671,68,Male,58059070,Basic,5,3588279,Sedan,7,0,Yes,24140,0,Engineer,0,6.33,6.33,LOW
101672,65,Female,39517702,Standard,1,5797622,SUV,1,1,No,4224,3,Office Worker,1,55.33,55.33,MEDIUM
101673,25,Male,70525374,Basic,7,7355366,Pickup,14,1,No,15876,2,Student,1,84.67,84.67,HIGH
101674,67,Female,25573881,Standard,6,10141256,SUV,12,0,No,18097,1,Business Owner,0,9.0,9.0,LOW
101675,40,Male,240820121,Basic,2,13441843,SUV,8,2,Yes,11756,3,Engineer,1,89.67,89.67,HIGH
101676,46,Male,168624790,Premium,7,14949551,Pickup,10,1,No,5859,1,Student,0,7.0,7.0,LOW
101677,35,Male,81628313,Basic,6,7242870,Motorcycle,6,0,No,27877,2,Engineer,1,74.0,74.0,HIGH
101678,48,Female,248997676,Basic,5,5930952,Sedan,11,2,No,17628,1,Business Owner,1,85.0,85.0,HIGH
101679,47,Male,107188677,Standard,8,10933326,Hatchback,4,0,No,15581,1,Business Owner,0,48.0,48.0,MEDIUM
101680,69,Male,173460101,Basic,5,1397348,SUV,6,1,No,11300,1,Student,1,75.33,75.33,HIGH
101681,56,Female,200381547,Basic,2,7680753,SUV,7,0,No,5412,1,Engineer,1,73.0,73.0,HIGH
101682,52,Male,198024967,Basic,6,8381630,Hatchback,8,2,Yes,38415,1,Driver,1,93.0,93.0,HIGH
101683,35,Female,246982359,Standard,1,6729908,Sedan,1,2,No,30301,0,Office Worker,1,51.0,51.0,MEDIUM
101684,59,Female,155665045,Standard,5,9887123,SUV,5,2,No,16805,2,Business Owner,1,79.67,79.67,HIGH
101685,56,Male,162519122,Standard,6,6132359,Hatchback,8,0,Yes,6338,3,Engineer,1,80.33,80.33,HIGH
101686,34,Male,94936228,Standard,7,3058591,SUV,12,2,Yes,8804,0,Student,1,91.67,91.67,HIGH
101687,31,Female,229681105,Standard,2,5000366,Motorcycle,5,4,Yes,32309,0,Student,1,81.33,81.33,HIGH
101688,48,Male,102933150,Basic,1,1026296,Motorcycle,1,0,No,23197,2,Business Owner,0,6.33,6.33,LOW
101689,41,Female,70069853,Basic,6,7250600,SUV,0,1,Yes,15392,1,Teacher,1,77.33,77.33,HIGH
101690,52,Female,227940152,Standard,3,8499996,SUV,11,1,No,13448,3,Business Owner,1,84.33,84.33,HIGH
101691,61,Female,111179753,Basic,5,12085625,Motorcycle,2,0,Yes,23029,1,Teacher,1,82.67,82.67,HIGH
101692,62,Male,213024864,Basic,2,12215710,SUV,10,2,No,30097,0,Driver,1,83.67,83.67,HIGH
101693,51,Female,128684041,Standard,1,11038645,Sedan,4,1,No,39185,0,Student,1,72.33,72.33,HIGH
101694,20,Male,179297867,Standard,1,7791466,Sedan,6,2,No,19395,0,Engineer,1,87.67,87.67,HIGH
101695,54,Male,80975541,Basic,4,8236444,Pickup,9,2,Yes,25993,1,Teacher,1,90.33,90.33,HIGH
101696,60,Male,119773402,Basic,10,1099074,Sedan,9,1,No,22529,0,Office Worker,1,53.33,53.33,MEDIUM
101697,57,Male,151045606,Premium,2,1523136,SUV,2,1,No,20258,1,Office Worker,1,77.33,77.33,HIGH
101698,43,Female,218364872,Premium,1,3778550,SUV,8,0,No,30009,1,Driver,0,6.67,6.67,LOW
101699,40,Male,126499284,Standard,6,12046670,Hatchback,9,1,Yes,10303,1,Teacher,1,86.33,86.33,HIGH
101700,61,Female,80436107,Standard,4,6540910,Sedan,11,3,Yes,7650,2,Teacher,1,90.33,90.33,HIGH
101701,56,Female,33103670,Standard,10,3017364,Motorcycle,3,2,No,15177,0,Engineer,0,4.0,4.0,LOW
101702,32,Male,193322588,Premium,7,12328569,Motorcycle,9,2,Yes,16747,2,Office Worker,1,88.0,88.0,HIGH
101703,66,Female,155286752,Premium,6,5277214,Pickup,1,1,Yes,34782,0,Office Worker,1,67.33,67.33,MEDIUM
101704,21,Female,43866922,Basic,5,10618118,Hatchback,2,1,No,26181,3,Engineer,1,84.0,84.0,HIGH
101705,46,Male,55836413,Premium,10,7672592,Motorcycle,4,1,No,24823,1,Teacher,1,80.33,80.33,HIGH
101706,39,Female,192685236,Basic,2,5707575,Pickup,2,3,No,17182,2,Engineer,1,77.67,77.67,HIGH
101707,42,Female,35117390,Basic,5,14087954,Sedan,4,3,No,42776,1,Business Owner,1,76.0,76.0,HIGH
101708,30,Female,230632257,Standard,9,7455334,Hatchback,15,2,No,16276,1,Office Worker,1,68.67,68.67,MEDIUM
101709,35,Female,106417907,Standard,9,7964475,Hatchback,3,1,No,12771,0,Teacher,1,74.67,74.67,HIGH
101710,50,Male,128552486,Premium,2,2031810,SUV,12,1,No,14963,0,Office Worker,1,79.33,79.33,HIGH
101711,33,Female,50562996,Basic,7,9543133,Sedan,10,4,No,27928,0,Driver,1,95.67,95.67,HIGH
101712,62,Female,34003281,Standard,10,14530914,Hatchback,9,1,Yes,43930,1,Business Owner,0,81.0,81.0,HIGH
101713,59,Female,183746882,Premium,4,12997945,Pickup,12,0,Yes,17849,2,Business Owner,1,80.67,80.67,HIGH
101714,61,Female,32660678,Premium,3,12288504,Motorcycle,2,1,No,29082,2,Office Worker,1,76.0,76.0,HIGH
101715,19,Male,142696170,Basic,1,12273628,Sedan,11,0,No,6487,0,Student,0,6.67,6.67,LOW
101716,52,Female,118765329,Standard,3,7743485,Sedan,5,1,No,29605,1,Student,0,6.33,6.33,LOW
101717,59,Male,60284715,Standard,9,1641075,Hatchback,7,0,No,13038,0,Engineer,0,6.33,6.33,LOW
101718,51,Female,34142693,Basic,9,4760501,Hatchback,12,0,Yes,43305,2,Business Owner,1,86.33,86.33,HIGH
101719,47,Male,148835812,Premium,7,11427917,Hatchback,11,0,Yes,5390,1,Office Worker,1,85.67,85.67,HIGH
101720,30,Male,156163321,Premium,3,7999993,Pickup,3,0,Yes,39798,1,Teacher,1,48.33,48.33,MEDIUM
101721,30,Male,46807008,Basic,3,4143197,SUV,8,1,No,43260,1,Office Worker,1,60.67,60.67,MEDIUM
101722,35,Male,123236779,Basic,4,1032646,Hatchback,5,1,No,6438,3,Office Worker,1,80.67,80.67,HIGH
101723,49,Male,232716282,Basic,7,2124702,SUV,4,2,No,38151,0,Teacher,0,7.0,7.0,LOW
101724,49,Female,65320606,Premium,7,7805572,SUV,2,2,No,39135,0,Teacher,0,41.0,41.0,MEDIUM
101725,52,Female,59306425,Basic,2,13176546,Sedan,4,2,No,9167,0,Driver,1,76.33,76.33,HIGH
101726,56,Female,40678986,Standard,5,10692401,Motorcycle,4,0,No,16172,2,Student,0,7.67,7.67,LOW
101727,63,Male,84445827,Standard,7,9772990,Motorcycle,13,0,No,37233,1,Driver,0,9.33,9.33,LOW
101728,69,Female,76159930,Standard,7,1592947,Pickup,14,1,No,39251,1,Office Worker,0,7.67,7.67,LOW
101729,46,Male,134523665,Basic,6,14222541,Pickup,11,0,No,19957,0,Office Worker,1,61.0,61.0,MEDIUM
101730,66,Male,87155971,Basic,10,7819902,Motorcycle,11,1,No,33360,0,Business Owner,1,75.67,75.67,HIGH
101731,46,Female,199388080,Premium,10,14707555,Motorcycle,3,0,No,3774,2,Business Owner,0,6.33,6.33,LOW
101732,70,Female,40234145,Premium,8,10071706,Sedan,11,0,No,26414,1,Student,1,62.67,62.67,MEDIUM
101733,61,Male,238817948,Standard,3,13592791,Sedan,5,4,No,23722,0,Teacher,1,84.67,84.67,HIGH
101734,33,Male,49090583,Basic,1,5330919,Motorcycle,2,0,No,27405,1,Engineer,0,5.67,5.67,LOW
101735,61,Female,156745217,Basic,3,1636572,Hatchback,9,2,No,39698,2,Office Worker,1,81.0,81.0,HIGH
101736,64,Female,82691307,Standard,2,3276148,Hatchback,0,2,Yes,30256,0,Business Owner,1,86.0,86.0,HIGH
101737,27,Female,52740293,Basic,2,6678444,Sedan,6,0,No,24344,1,Student,1,78.33,78.33,HIGH
101738,47,Female,147906025,Premium,2,3443413,SUV,6,0,No,37988,2,Driver,0,4.0,4.0,LOW
101739,42,Male,172770392,Standard,5,1954183,Motorcycle,15,1,Yes,37207,2,Office Worker,1,83.33,83.33,HIGH
101740,56,Female,58872374,Basic,1,13793102,Pickup,11,1,No,43192,0,Engineer,1,81.33,81.33,HIGH
101741,37,Female,179889400,Premium,10,6811056,Hatchback,15,1,No,11905,1,Student,1,82.0,82.0,HIGH
101742,22,Female,87565460,Premium,4,14399620,SUV,3,4,No,42468,2,Teacher,1,84.0,84.0,HIGH
101743,18,Male,193109622,Basic,10,8312499,Hatchback,8,0,No,28151,0,Engineer,1,69.67,69.67,MEDIUM
101744,47,Male,112814287,Standard,5,5723391,SUV,11,0,No,25723,2,Office Worker,1,74.33,74.33,HIGH
101745,66,Male,201582541,Basic,2,1483843,Motorcycle,1,0,No,41278,1,Student,1,43.33,43.33,MEDIUM
101746,20,Male,195202790,Standard,5,1749130,Motorcycle,14,1,Yes,14173,0,Teacher,1,81.33,81.33,HIGH
101747,62,Female,207920603,Basic,10,12396905,Motorcycle,12,0,No,47724,0,Business Owner,0,53.0,53.0,MEDIUM
101748,31,Male,197335327,Standard,4,8853296,Sedan,0,2,No,16130,0,Engineer,0,5.67,5.67,LOW
101749,47,Female,166680859,Premium,8,7381597,SUV,14,1,No,29952,3,Driver,1,87.33,87.33,HIGH
101750,67,Female,86550770,Standard,1,1978062,Pickup,2,1,Yes,13937,2,Driver,0,6.0,6.0,LOW
101751,21,Female,27795126,Basic,5,4439540,Pickup,6,2,No,44702,0,Engineer,0,10.0,10.0,LOW
101752,35,Female,200387056,Standard,10,10572367,Motorcycle,8,1,No,42496,3,Office Worker,1,86.67,86.67,HIGH
101753,54,Male,64117064,Basic,1,2466478,Pickup,1,0,No,23534,0,Office Worker,0,4.0,4.0,LOW
101754,42,Male,115284985,Premium,10,3300775,Hatchback,5,1,No,26794,0,Office Worker,1,46.33,46.33,MEDIUM
101755,65,Male,55535317,Standard,10,9198856,SUV,2,3,No,27985,0,Driver,0,70.0,70.0,HIGH
101756,18,Female,78059012,Basic,4,4162218,SUV,4,0,Yes,22391,0,Driver,0,5.67,5.67,LOW
101757,70,Female,204784406,Basic,8,1428410,SUV,11,0,No,30528,2,Business Owner,0,7.33,7.33,LOW
101758,63,Female,187101444,Standard,1,5077729,Hatchback,8,0,No,9870,1,Office Worker,1,73.33,73.33,HIGH
101759,32,Female,83807849,Basic,2,1774426,Sedan,2,1,Yes,24518,0,Driver,1,76.67,76.67,HIGH
101760,26,Female,168297588,Standard,1,11932492,Hatchback,0,1,No,40010,0,Driver,1,72.0,72.0,HIGH
101761,32,Male,125508127,Basic,7,3738659,SUV,4,3,No,24993,0,Office Worker,1,81.33,81.33,HIGH
101762,66,Female,131245562,Basic,2,14151304,SUV,0,3,No,45639,0,Office Worker,1,81.0,81.0,HIGH
101763,41,Male,193674633,Standard,1,2086706,SUV,7,1,No,32720,1,Driver,1,77.0,77.0,HIGH
101764,21,Female,209675578,Premium,6,14046357,Pickup,6,0,Yes,27162,0,Teacher,0,6.33,6.33,LOW
101765,29,Female,203335526,Premium,6,10204994,Sedan,14,3,No,12906,1,Engineer,1,71.67,71.67,HIGH
101766,54,Male,100616014,Basic,10,8715613,Hatchback,10,2,No,20581,4,Driver,0,8.0,8.0,LOW
101767,54,Male,26417158,Standard,2,13473492,SUV,1,0,No,34289,0,Business Owner,0,5.33,5.33,LOW
101768,60,Female,43613148,Basic,1,11631010,Motorcycle,13,0,No,19205,1,Student,1,77.33,77.33,HIGH
101769,23,Female,78004410,Standard,10,6220741,Sedan,10,2,Yes,43854,0,Teacher,1,89.67,89.67,HIGH
101770,56,Female,189783982,Standard,3,1182235,Motorcycle,8,0,Yes,14408,0,Office Worker,1,83.33,83.33,HIGH
101771,63,Female,102141378,Premium,10,4029407,Sedan,4,4,No,30532,1,Business Owner,1,82.0,82.0,HIGH
101772,41,Male,88539547,Premium,5,13517801,SUV,6,1,No,6193,1,Engineer,1,55.0,55.0,MEDIUM
101773,28,Female,75281422,Standard,6,9976061,Sedan,3,2,Yes,43986,1,Student,0,7.33,7.33,LOW
101774,30,Male,177510498,Standard,3,5599000,Sedan,11,2,No,8220,2,Teacher,0,8.0,8.0,LOW
101775,51,Female,244688453,Premium,9,13255135,SUV,12,1,No,22357,1,Driver,0,8.33,8.33,LOW
101776,42,Male,68390347,Premium,5,7728546,Motorcycle,0,0,Yes,42299,1,Office Worker,1,77.0,77.0,HIGH
101777,24,Male,122897070,Basic,2,12245653,Motorcycle,13,2,Yes,22549,1,Driver,1,86.0,86.0,HIGH
101778,69,Female,206701925,Basic,10,3688215,Pickup,7,4,Yes,20474,0,Business Owner,1,89.67,89.67,HIGH
101779,21,Male,75283084,Standard,6,13982694,Motorcycle,12,0,No,3141,0,Office Worker,1,77.33,77.33,HIGH
101780,25,Female,89060764,Basic,8,5541759,Motorcycle,0,1,No,19650,2,Driver,1,77.0,77.0,HIGH
101781,37,Male,221684946,Basic,6,10932917,Sedan,2,1,No,43487,0,Office Worker,1,43.0,43.0,MEDIUM
101782,46,Female,61785218,Basic,4,11014621,Pickup,5,2,No,23694,1,Business Owner,0,60.33,60.33,MEDIUM
101783,70,Male,58432455,Standard,6,2461215,SUV,7,2,No,44448,4,Driver,1,83.67,83.67,HIGH
101784,68,Female,113562183,Basic,8,13556702,SUV,7,0,Yes,44455,2,Student,1,90.33,90.33,HIGH
101785,62,Female,139446326,Basic,8,2663574,Hatchback,1,1,No,19863,2,Engineer,1,74.0,74.0,HIGH
101786,63,Male,53616825,Basic,10,5286503,Pickup,8,0,Yes,5690,2,Driver,1,87.33,87.33,HIGH
101787,27,Male,112302483,Premium,2,12699360,Sedan,15,0,No,48056,1,Office Worker,0,7.0,7.0,LOW
101788,60,Male,183634158,Premium,8,3648766,Hatchback,3,2,No,24320,2,Teacher,1,66.0,66.0,MEDIUM
101789,51,Male,49467331,Standard,6,12565475,Hatchback,3,0,Yes,5427,3,Driver,0,8.0,8.0,LOW
101790,43,Female,56499954,Standard,2,10106071,SUV,14,2,No,28419,0,Office Worker,1,88.0,88.0,HIGH
101791,58,Male,135850498,Premium,1,14088862,Motorcycle,13,2,No,43832,1,Teacher,1,88.67,88.67,HIGH
101792,66,Female,62175852,Basic,6,2240505,Sedan,15,3,No,38983,3,Business Owner,1,88.0,88.0,HIGH
101793,20,Male,73815958,Basic,7,10772966,Pickup,1,0,Yes,25365,0,Teacher,1,70.33,70.33,HIGH
101794,23,Female,112829519,Basic,10,12515437,Hatchback,0,3,Yes,6911,2,Engineer,1,85.67,85.67,HIGH
101795,22,Female,40111500,Basic,5,5529100,Sedan,9,1,No,23461,2,Office Worker,1,87.33,87.33,HIGH
101796,22,Female,38028847,Standard,10,6780105,SUV,6,1,No,3649,0,Driver,1,82.67,82.67,HIGH
101797,64,Female,86597704,Premium,8,12792342,Hatchback,10,2,Yes,29469,0,Teacher,1,79.33,79.33,HIGH
101798,40,Male,59806093,Standard,9,6116191,Hatchback,9,0,No,30826,0,Business Owner,1,80.0,80.0,HIGH
101799,66,Male,120739212,Standard,4,14455200,SUV,2,2,No,18503,1,Teacher,1,82.33,82.33,HIGH
101800,26,Female,244217908,Premium,7,14092515,SUV,3,0,No,46346,2,Student,1,60.0,60.0,MEDIUM
101801,52,Male,234142776,Basic,8,4477915,SUV,10,0,Yes,24962,2,Driver,1,89.33,89.33,HIGH
101802,37,Male,207720838,Basic,6,2718671,Sedan,8,2,No,43884,0,Engineer,1,85.0,85.0,HIGH
101803,66,Female,177504334,Standard,2,8399951,Sedan,5,2,Yes,37122,1,Business Owner,1,85.0,85.0,HIGH
101804,59,Male,144448390,Standard,7,14595665,Sedan,13,2,No,20677,1,Driver,1,89.0,89.0,HIGH
101805,52,Male,214261413,Basic,9,2392775,Motorcycle,0,2,No,22642,0,Office Worker,0,5.33,5.33,LOW
101806,67,Male,67258657,Standard,5,3557929,Hatchback,8,0,Yes,5713,1,Office Worker,0,6.67,6.67,LOW
101807,35,Female,144244565,Standard,2,4576566,Sedan,8,0,No,11595,2,Office Worker,1,78.67,78.67,HIGH
101808,34,Male,202253783,Standard,4,3397431,Motorcycle,4,2,Yes,16779,0,Driver,1,89.67,89.67,HIGH
101809,41,Female,131944624,Standard,3,9031050,Hatchback,7,0,No,15164,0,Engineer,1,74.33,74.33,HIGH
101810,20,Male,113356836,Basic,4,14923328,Sedan,6,2,Yes,4546,3,Office Worker,1,82.67,82.67,HIGH
101811,49,Male,83811819,Basic,10,13717757,SUV,10,1,Yes,38374,5,Driver,1,91.0,91.0,HIGH
101812,52,Male,220786752,Standard,7,10462140,Pickup,7,1,No,29428,1,Driver,1,73.0,73.0,HIGH
101813,55,Female,101843273,Basic,10,5184572,Sedan,8,3,No,39974,1,Engineer,0,7.67,7.67,LOW
101814,30,Female,61382186,Premium,8,2850827,Pickup,13,1,Yes,34707,0,Business Owner,1,88.33,88.33,HIGH
101815,64,Male,139738383,Standard,1,13846584,Sedan,1,2,Yes,28388,2,Business Owner,1,83.33,83.33,HIGH
101816,42,Female,152411821,Basic,8,11875685,SUV,9,0,Yes,39142,0,Driver,1,88.67,88.67,HIGH
101817,26,Male,97062663,Standard,5,11572251,Pickup,4,2,No,28505,2,Business Owner,0,8.0,8.0,LOW
101818,21,Female,225199095,Standard,7,6287468,Motorcycle,7,1,No,16173,1,Student,1,80.0,80.0,HIGH
101819,31,Female,85411248,Basic,1,1201657,SUV,15,3,No,32580,1,Engineer,1,75.0,75.0,HIGH
101820,54,Male,88082456,Premium,2,10536336,Pickup,15,2,No,31651,0,Driver,1,82.33,82.33,HIGH
101821,51,Male,217788491,Premium,1,7943616,Pickup,2,1,Yes,26318,0,Business Owner,0,9.0,9.0,LOW
101822,28,Male,224851352,Standard,5,8753759,SUV,10,2,No,17627,1,Teacher,1,89.0,89.0,HIGH
101823,58,Male,33351184,Basic,6,10185159,SUV,14,3,Yes,9078,1,Business Owner,1,88.0,88.0,HIGH
101824,20,Female,224648955,Standard,10,4483765,SUV,10,1,No,39091,0,Engineer,1,85.33,85.33,HIGH
101825,45,Female,54025773,Standard,9,4161895,Hatchback,5,2,No,11366,0,Teacher,1,77.67,77.67,HIGH
101826,46,Female,104721839,Basic,8,6954743,Motorcycle,5,1,No,17444,2,Office Worker,1,78.67,78.67,HIGH
101827,26,Male,201415139,Basic,7,12645118,Sedan,15,2,Yes,42873,0,Business Owner,1,89.67,89.67,HIGH
101828,20,Male,221021112,Premium,5,4135210,Pickup,6,2,Yes,20747,1,Teacher,1,81.33,81.33,HIGH
101829,42,Female,248361194,Basic,3,1130775,Sedan,15,0,No,30471,2,Engineer,1,88.0,88.0,HIGH
101830,51,Male,38856901,Standard,9,4180617,SUV,12,1,No,12229,1,Teacher,1,76.67,76.67,HIGH
101831,29,Female,202322948,Standard,5,11793582,Motorcycle,10,0,Yes,43257,2,Office Worker,1,92.67,92.67,HIGH
101832,59,Female,74309098,Standard,3,1226406,Motorcycle,2,3,Yes,19304,0,Teacher,1,87.67,87.67,HIGH
101833,26,Female,226747480,Basic,3,4730278,Hatchback,7,1,No,27335,1,Driver,0,65.33,65.33,MEDIUM
101834,32,Female,100404817,Premium,3,13718665,SUV,7,0,No,5090,2,Office Worker,0,6.0,6.0,LOW
101835,57,Female,55663820,Standard,6,3701731,Pickup,8,1,No,35368,0,Business Owner,1,84.67,84.67,HIGH
101836,42,Male,148010602,Standard,1,12076056,Hatchback,7,1,Yes,13944,1,Driver,1,87.33,87.33,HIGH
101837,22,Male,179191643,Standard,4,4917563,SUV,2,2,No,34752,0,Driver,1,79.67,79.67,HIGH
101838,28,Male,86237905,Standard,8,5423793,Hatchback,5,1,Yes,35916,0,Office Worker,1,79.0,79.0,HIGH
101839,51,Female,228537722,Premium,3,10844090,Sedan,8,2,No,23817,3,Driver,0,7.67,7.67,LOW
101840,41,Female,42984955,Standard,5,10200952,SUV,0,2,Yes,8098,1,Office Worker,1,74.67,74.67,HIGH
101841,32,Female,217726334,Standard,2,11133842,Pickup,2,1,Yes,4133,1,Office Worker,0,7.67,7.67,LOW
101842,55,Female,220139000,Premium,2,10849069,Pickup,1,0,Yes,45067,1,Teacher,1,68.67,68.67,MEDIUM
101843,25,Male,97239282,Standard,7,5031660,SUV,11,2,No,31670,0,Office Worker,1,90.0,90.0,HIGH
101844,22,Male,105086071,Basic,10,9278479,Hatchback,7,1,No,38974,1,Engineer,1,85.33,85.33,HIGH
101845,65,Female,178711770,Basic,3,14408129,Motorcycle,5,3,No,4109,0,Business Owner,1,87.0,87.0,HIGH
101846,43,Female,93597407,Premium,5,2673820,SUV,9,2,No,31755,1,Driver,1,89.0,89.0,HIGH
101847,35,Female,248957102,Standard,3,13777411,Pickup,10,2,No,45937,0,Student,1,89.67,89.67,HIGH
101848,23,Male,191123656,Standard,6,14824561,Sedan,15,1,No,27802,1,Teacher,1,76.0,76.0,HIGH
101849,54,Male,198701351,Standard,10,5575454,Pickup,10,0,No,46899,1,Business Owner,1,77.67,77.67,HIGH
101850,65,Male,145142815,Basic,3,3370128,Motorcycle,15,0,No,44972,0,Student,1,81.67,81.67,HIGH
101851,30,Female,128100883,Standard,8,12408649,Pickup,7,2,Yes,6106,1,Office Worker,1,84.0,84.0,HIGH
101852,45,Female,98525979,Basic,2,13023450,Motorcycle,1,3,No,39704,1,Driver,1,77.0,77.0,HIGH
101853,22,Male,123232800,Standard,3,4291508,SUV,10,1,Yes,46762,0,Teacher,1,86.67,86.67,HIGH
101854,30,Female,120427651,Standard,8,6694696,Pickup,5,0,No,12658,0,Business Owner,1,76.67,76.67,HIGH
101855,34,Male,248691565,Standard,8,9280974,Hatchback,6,0,No,19340,0,Student,1,69.0,69.0,MEDIUM
101856,67,Female,244215096,Standard,1,8684923,Hatchback,7,0,No,46948,1,Student,1,74.67,74.67,HIGH
101857,57,Male,179293217,Premium,8,13400875,Pickup,8,0,No,11461,1,Student,1,74.33,74.33,HIGH
101858,62,Female,202932271,Standard,10,11813332,Pickup,4,1,Yes,25933,1,Business Owner,1,79.67,79.67,HIGH
101859,49,Male,107551106,Basic,2,6067579,Sedan,10,1,No,45491,1,Engineer,1,78.67,78.67,HIGH
101860,46,Male,155149273,Basic,7,4156730,Pickup,2,0,No,11495,0,Office Worker,0,4.33,4.33,LOW
101861,68,Male,183311303,Standard,6,10328552,Sedan,1,4,Yes,35291,1,Driver,1,83.67,83.67,HIGH
101862,20,Male,239164997,Premium,2,4999661,Sedan,7,2,No,16097,0,Student,0,9.0,9.0,LOW
101863,57,Male,201764879,Premium,5,3129708,Sedan,0,0,Yes,24532,0,Teacher,1,65.33,65.33,MEDIUM
101864,51,Male,135204695,Premium,7,3689403,Sedan,9,1,No,34110,0,Business Owner,1,75.67,75.67,HIGH
101865,57,Female,37299695,Basic,8,4105381,SUV,14,1,No,43702,1,Teacher,1,85.33,85.33,HIGH
101866,44,Female,249427494,Standard,3,1221746,Hatchback,15,0,No,27717,1,Student,1,87.0,87.0,HIGH
101867,30,Female,102941341,Standard,1,3103715,Sedan,5,1,Yes,41543,1,Business Owner,1,89.33,89.33,HIGH
101868,62,Male,237274444,Basic,7,5405299,Hatchback,1,1,Yes,44768,1,Teacher,1,85.67,85.67,HIGH
101869,50,Male,216143620,Basic,5,9132304,Sedan,2,0,Yes,20331,1,Engineer,0,5.0,5.0,LOW
101870,23,Female,173028952,Premium,5,3636594,Hatchback,7,2,Yes,46252,0,Student,1,86.67,86.67,HIGH
101871,41,Male,243935443,Basic,7,13082818,Pickup,0,1,No,46883,1,Student,1,61.0,61.0,MEDIUM
101872,36,Male,229071278,Basic,1,8011836,Pickup,5,0,No,34631,0,Driver,0,3.67,3.67,LOW
101873,33,Male,112116625,Basic,8,5896525,Hatchback,2,0,No,42940,0,Business Owner,1,72.0,72.0,HIGH
101874,57,Male,133220361,Premium,10,4299248,Sedan,5,2,No,24399,0,Business Owner,1,56.67,56.67,MEDIUM
101875,45,Male,226558006,Standard,5,6732556,SUV,2,1,Yes,28514,0,Engineer,1,80.33,80.33,HIGH
101876,50,Female,239166316,Standard,8,9811226,Hatchback,10,1,No,5496,0,Student,1,74.33,74.33,HIGH
101877,65,Female,186447281,Premium,10,11752256,Motorcycle,10,0,Yes,33985,1,Driver,1,70.67,70.67,HIGH
101878,58,Female,108693742,Basic,10,1262328,SUV,7,3,No,22946,0,Teacher,1,67.0,67.0,MEDIUM
101879,30,Female,228728702,Standard,5,14510800,Motorcycle,4,1,Yes,42161,1,Office Worker,1,85.33,85.33,HIGH
101880,60,Female,160860811,Basic,7,10713647,Hatchback,3,1,No,24434,3,Driver,1,86.33,86.33,HIGH
101881,62,Male,68958766,Basic,10,8460529,Sedan,8,1,Yes,41178,2,Teacher,1,88.33,88.33,HIGH
101882,42,Male,156429489,Premium,3,9540129,Motorcycle,14,0,No,36310,0,Driver,0,6.33,6.33,LOW
101883,70,Male,36791470,Standard,2,5512781,Hatchback,4,3,No,13871,2,Teacher,1,82.67,82.67,HIGH
101884,59,Male,185794360,Standard,6,2876213,SUV,11,0,No,16390,1,Driver,1,74.67,74.67,HIGH
101885,53,Female,121456118,Standard,5,5190198,Sedan,13,1,No,14146,2,Driver,1,71.67,71.67,HIGH
101886,44,Female,164267786,Standard,9,12020474,Motorcycle,3,1,No,27107,2,Student,1,77.0,77.0,HIGH
101887,55,Female,159239378,Basic,10,3546946,Hatchback,7,0,No,48199,0,Driver,0,9.33,9.33,LOW
101888,24,Male,78355494,Basic,4,13247905,Sedan,7,1,No,18479,1,Teacher,1,86.0,86.0,HIGH
101889,22,Female,128576589,Basic,3,5311079,Sedan,7,2,Yes,14183,1,Teacher,1,88.0,88.0,HIGH
101890,60,Male,102836661,Basic,9,10412220,Pickup,3,0,No,21996,2,Business Owner,1,75.0,75.0,HIGH
101891,62,Female,208581228,Premium,8,1766913,Sedan,12,0,No,31224,2,Teacher,1,77.33,77.33,HIGH
101892,68,Female,184589803,Basic,6,2152417,Hatchback,0,0,No,13309,0,Business Owner,1,69.0,69.0,MEDIUM
101893,48,Male,249929495,Basic,1,11406873,SUV,1,3,No,19173,1,Teacher,1,85.67,85.67,HIGH
101894,40,Male,129507624,Standard,10,14073758,Pickup,3,1,No,13872,1,Driver,1,71.67,71.67,HIGH
101895,59,Female,49556224,Premium,1,11864648,Hatchback,15,3,Yes,42800,3,Teacher,1,86.33,86.33,HIGH
101896,27,Female,173918834,Basic,6,11697053,Hatchback,9,1,Yes,34946,4,Business Owner,1,95.0,95.0,HIGH
101897,49,Male,249123818,Basic,3,8071827,Hatchback,1,2,No,30424,1,Student,1,79.67,79.67,HIGH
101898,60,Female,199893942,Standard,3,5203028,Motorcycle,10,4,No,25707,0,Office Worker,0,9.33,9.33,LOW
101899,70,Female,238785301,Standard,6,10835484,Motorcycle,9,1,Yes,7688,0,Driver,1,89.67,89.67,HIGH
101900,47,Male,96622071,Standard,3,2738746,SUV,13,0,Yes,15854,2,Teacher,1,74.0,74.0,HIGH
101901,56,Female,236131893,Premium,10,13574488,Hatchback,13,1,No,40554,1,Business Owner,1,66.67,66.67,MEDIUM
101902,48,Male,56239442,Premium,6,6194085,Motorcycle,2,0,Yes,6681,1,Business Owner,1,72.0,72.0,HIGH
101903,35,Female,118169489,Standard,5,1868729,Motorcycle,8,1,No,24613,1,Student,1,73.33,73.33,HIGH
101904,53,Male,211274230,Standard,4,10300139,Motorcycle,14,2,Yes,22879,2,Teacher,1,88.67,88.67,HIGH
101905,19,Female,122283803,Standard,8,12613208,SUV,8,1,Yes,44624,0,Student,1,80.0,80.0,HIGH
101906,31,Male,218320795,Basic,2,2986952,SUV,13,3,No,9078,1,Office Worker,1,69.67,69.67,MEDIUM
101907,30,Female,214245371,Premium,7,4093606,Hatchback,14,3,No,48461,1,Teacher,1,84.33,84.33,HIGH
101908,46,Male,93117178,Standard,4,7886077,Pickup,10,0,No,49041,1,Engineer,1,72.33,72.33,HIGH
101909,29,Female,111379410,Basic,2,5918507,Hatchback,8,1,No,34356,0,Engineer,0,10.33,10.33,LOW
101910,56,Female,118992475,Standard,7,10666360,Motorcycle,6,2,Yes,30941,0,Teacher,1,87.0,87.0,HIGH
101911,19,Female,48507635,Basic,1,6769764,Motorcycle,14,0,No,4416,1,Engineer,1,80.33,80.33,HIGH
101912,49,Female,109597796,Standard,4,2852175,Sedan,3,0,No,22492,1,Office Worker,1,43.67,43.67,MEDIUM
101913,30,Female,44544473,Standard,9,3184996,Hatchback,0,0,No,28425,2,Driver,1,77.33,77.33,HIGH
101914,63,Female,90017442,Standard,4,12258187,Motorcycle,2,0,No,36675,3,Engineer,1,80.33,80.33,HIGH
101915,44,Female,89370273,Premium,3,7381207,Motorcycle,14,2,No,11507,4,Engineer,1,87.0,87.0,HIGH
101916,66,Female,142145726,Basic,10,10567001,Pickup,13,2,No,16573,1,Teacher,0,9.0,9.0,LOW
101917,58,Female,200314402,Standard,10,10907731,Sedan,7,1,No,31698,0,Business Owner,1,80.0,80.0,HIGH
101918,34,Male,120110311,Standard,2,9446934,Hatchback,3,1,No,45478,2,Business Owner,1,56.67,56.67,MEDIUM
101919,57,Male,233685647,Standard,3,13136294,SUV,9,0,No,21318,1,Driver,0,5.0,5.0,LOW
101920,48,Female,243018085,Standard,1,1523292,Hatchback,9,3,Yes,41719,1,Teacher,1,88.0,88.0,HIGH
101921,51,Male,144140172,Standard,10,2221650,Hatchback,1,2,No,7344,0,Student,1,62.67,62.67,MEDIUM
101922,41,Female,109231510,Standard,8,6985427,Pickup,13,1,Yes,33992,2,Office Worker,1,91.0,91.0,HIGH
101923,62,Female,50994235,Basic,1,1024022,Hatchback,7,1,Yes,43194,0,Engineer,1,57.33,57.33,MEDIUM
101924,52,Male,68883023,Premium,3,13667370,Pickup,6,2,No,12993,0,Teacher,1,80.33,80.33,HIGH
101925,65,Female,58511963,Standard,3,7175002,Pickup,10,2,No,42102,1,Teacher,0,8.67,8.67,LOW
101926,23,Female,241707055,Standard,2,1148317,Motorcycle,9,2,No,22006,1,Office Worker,1,85.0,85.0,HIGH
101927,36,Male,106260962,Basic,5,4753812,SUV,8,1,No,12048,0,Business Owner,0,7.0,7.0,LOW
101928,47,Male,115198459,Basic,10,13986155,Pickup,1,0,No,24949,2,Office Worker,1,78.0,78.0,HIGH
101929,24,Female,59401837,Standard,3,1396742,Sedan,14,1,Yes,13068,1,Business Owner,1,83.67,83.67,HIGH
101930,27,Male,72582023,Premium,3,5941461,Sedan,4,3,Yes,20909,0,Office Worker,1,85.67,85.67,HIGH
101931,58,Male,169898283,Standard,8,10743689,SUV,5,2,No,34335,2,Business Owner,1,87.67,87.67,HIGH
101932,49,Female,208281078,Premium,4,8863550,Pickup,12,1,No,37184,1,Office Worker,1,82.0,82.0,HIGH
101933,51,Male,75565110,Standard,4,5130390,SUV,1,0,No,4794,2,Engineer,0,4.33,4.33,LOW
101934,45,Male,64897301,Standard,3,4175261,Motorcycle,15,2,Yes,30641,0,Engineer,1,93.33,93.33,HIGH
101935,32,Female,44763284,Basic,1,14863521,Sedan,14,2,Yes,5720,1,Driver,1,84.0,84.0,HIGH
101936,47,Male,162619175,Premium,8,14780876,Hatchback,1,1,Yes,9826,2,Office Worker,1,57.33,57.33,MEDIUM
101937,54,Male,36038804,Basic,1,2188347,Sedan,12,0,No,31780,2,Student,0,4.0,4.0,LOW
101938,46,Female,171394600,Premium,7,3832003,Pickup,14,2,Yes,42563,1,Driver,1,76.0,76.0,HIGH
101939,39,Female,114401408,Premium,5,3748881,SUV,13,2,No,40844,0,Office Worker,1,83.33,83.33,HIGH
101940,21,Female,204861125,Premium,4,2035670,Sedan,13,1,No,9369,3,Student,1,85.67,85.67,HIGH
101941,37,Male,209423062,Standard,4,9489568,Hatchback,9,0,No,44312,0,Engineer,0,5.0,5.0,LOW
101942,49,Female,214919295,Standard,8,6825633,Hatchback,13,6,Yes,47191,0,Engineer,1,92.67,92.67,HIGH
101943,53,Female,211314070,Standard,6,7439201,SUV,3,0,Yes,45387,2,Teacher,1,75.0,75.0,HIGH
101944,67,Male,223867882,Basic,1,4431267,SUV,14,2,No,8826,1,Engineer,1,71.67,71.67,HIGH
101945,21,Female,81803178,Standard,10,2152738,Sedan,7,1,No,5192,2,Teacher,1,79.33,79.33,HIGH
101946,44,Female,211356630,Basic,8,2179280,Pickup,14,1,No,22920,1,Student,0,64.67,64.67,MEDIUM
101947,34,Female,138902943,Standard,2,8494811,Motorcycle,13,0,No,26683,2,Business Owner,0,59.33,59.33,MEDIUM
101948,29,Female,219610333,Basic,6,9866573,Hatchback,14,0,No,28692,3,Office Worker,0,9.67,9.67,LOW
101949,39,Male,30002828,Basic,9,11561697,SUV,12,0,Yes,38088,1,Driver,1,88.0,88.0,HIGH
101950,34,Female,159349290,Standard,1,12139695,Motorcycle,10,1,Yes,27255,0,Teacher,1,73.0,73.0,HIGH
101951,27,Female,185435857,Standard,6,5839242,Motorcycle,4,0,No,19917,3,Driver,0,5.33,5.33,LOW
101952,18,Male,81235862,Standard,8,13975800,Motorcycle,8,0,No,12409,2,Engineer,1,59.33,59.33,MEDIUM
101953,39,Female,181585184,Basic,10,14325004,Pickup,3,2,Yes,18529,0,Business Owner,1,82.67,82.67,HIGH
101954,43,Male,157728724,Standard,2,2760352,SUV,2,1,No,17795,1,Teacher,0,56.33,56.33,MEDIUM
101955,35,Male,172059000,Basic,5,8479862,Hatchback,9,2,No,14180,0,Office Worker,1,87.67,87.67,HIGH
101956,67,Male,73593510,Standard,6,8931329,SUV,14,1,No,24735,1,Teacher,1,75.33,75.33,HIGH
101957,31,Female,35782554,Standard,5,1406497,Sedan,7,0,Yes,21363,2,Office Worker,1,86.33,86.33,HIGH
101958,64,Male,58444652,Standard,3,13842100,Hatchback,0,2,Yes,21460,0,Driver,1,84.33,84.33,HIGH
101959,46,Male,184353771,Standard,4,12779676,SUV,8,1,No,47036,0,Driver,1,78.33,78.33,HIGH
101960,29,Male,122097169,Basic,7,11518308,Hatchback,15,3,No,13136,0,Driver,1,91.33,91.33,HIGH
101961,53,Female,53576855,Standard,4,13076995,Sedan,3,1,No,14291,1,Office Worker,1,70.67,70.67,HIGH
101962,52,Female,89419118,Standard,9,2011403,Hatchback,10,1,No,42009,2,Teacher,1,80.0,80.0,HIGH
101963,69,Female,133229287,Standard,10,14999609,Motorcycle,8,0,No,15549,0,Driver,1,63.33,63.33,MEDIUM
101964,29,Female,44501490,Standard,2,6917884,Pickup,7,1,No,15021,1,Office Worker,0,68.33,68.33,MEDIUM
101965,24,Female,206813929,Basic,5,13807643,Sedan,2,1,Yes,7114,0,Engineer,1,79.33,79.33,HIGH
101966,46,Female,177589446,Standard,8,6397826,Hatchback,2,1,No,5584,1,Teacher,0,45.0,45.0,MEDIUM
101967,28,Female,154762353,Standard,5,6724755,Sedan,13,0,No,12740,3,Teacher,1,81.33,81.33,HIGH
101968,50,Male,211037679,Basic,10,8878601,Motorcycle,8,1,No,37256,2,Teacher,0,57.67,57.67,MEDIUM
101969,23,Male,30982547,Basic,8,14569203,Pickup,2,1,No,23043,2,Business Owner,1,84.33,84.33,HIGH
101970,64,Male,75850138,Basic,8,13998417,Sedan,3,1,No,33743,0,Driver,1,77.33,77.33,HIGH
101971,32,Male,72942277,Premium,9,6493940,Motorcycle,8,1,No,16319,0,Office Worker,1,75.33,75.33,HIGH
101972,49,Female,102571418,Standard,10,2446846,Motorcycle,11,1,Yes,35995,1,Engineer,1,94.33,94.33,HIGH
101973,68,Male,57010888,Basic,6,9488628,Motorcycle,3,4,Yes,23855,1,Student,0,7.0,7.0,LOW
101974,28,Male,46006444,Standard,4,5826100,Hatchback,10,0,Yes,8242,0,Engineer,0,5.67,5.67,LOW
101975,40,Male,185644920,Standard,3,8845658,SUV,2,4,Yes,49169,1,Business Owner,1,87.0,87.0,HIGH
101976,43,Male,223614814,Premium,5,13649758,Sedan,13,2,No,27007,1,Engineer,1,86.0,86.0,HIGH
101977,51,Female,60457556,Basic,6,14988314,SUV,15,3,No,32407,0,Driver,1,87.0,87.0,HIGH
101978,63,Female,229119129,Basic,3,9831593,Motorcycle,6,2,No,17850,1,Driver,1,77.33,77.33,HIGH
101979,51,Female,81586535,Premium,2,12825792,SUV,5,1,No,24312,2,Student,1,79.0,79.0,HIGH
101980,46,Male,229474479,Basic,7,10926917,Motorcycle,0,0,No,17094,1,Teacher,0,6.33,6.33,LOW
101981,21,Female,48641900,Basic,5,5570634,Motorcycle,13,1,No,43083,1,Office Worker,1,90.0,90.0,HIGH
101982,34,Male,242658956,Premium,9,14373601,Pickup,9,2,Yes,15988,0,Engineer,1,90.67,90.67,HIGH
101983,52,Female,38053104,Standard,3,3506214,Pickup,7,1,No,16198,1,Student,1,76.67,76.67,HIGH
101984,30,Female,60141974,Basic,8,8755731,SUV,0,1,Yes,3698,0,Driver,1,77.0,77.0,HIGH
101985,58,Female,45639379,Basic,6,5745150,Sedan,15,0,No,3437,0,Teacher,1,85.0,85.0,HIGH
101986,56,Female,73674916,Basic,4,9956084,SUV,3,2,No,25203,1,Office Worker,1,71.0,71.0,HIGH
101987,32,Female,183740213,Basic,9,12043284,Sedan,5,3,No,18995,3,Office Worker,1,89.0,89.0,HIGH
101988,46,Male,214405812,Premium,5,8837457,SUV,5,1,Yes,41948,1,Business Owner,1,84.0,84.0,HIGH
101989,46,Female,183051728,Standard,10,1569364,Hatchback,6,1,Yes,12876,0,Teacher,1,71.0,71.0,HIGH
101990,28,Male,52992091,Standard,6,3407698,Hatchback,13,1,No,21537,0,Driver,1,69.67,69.67,MEDIUM
101991,69,Male,83874792,Premium,9,7648067,Sedan,10,0,No,15902,0,Office Worker,1,79.0,79.0,HIGH
101992,49,Male,189001304,Standard,7,5357452,Pickup,11,0,Yes,25759,0,Business Owner,1,72.67,72.67,HIGH
101993,19,Male,53110905,Basic,5,11041809,Sedan,13,4,No,30490,2,Business Owner,1,89.33,89.33,HIGH
101994,64,Male,52764209,Standard,2,1115827,SUV,4,2,Yes,24520,1,Driver,1,89.67,89.67,HIGH
101995,31,Female,199006568,Premium,4,6841432,Motorcycle,4,1,No,8278,2,Office Worker,1,71.0,71.0,HIGH
101996,37,Female,166798730,Premium,2,14386679,Hatchback,15,2,No,36727,2,Teacher,1,87.0,87.0,HIGH
101997,39,Female,178012472,Basic,3,7998974,Motorcycle,3,2,No,13031,2,Office Worker,1,55.0,55.0,MEDIUM
101998,28,Female,227328613,Standard,10,9679322,Hatchback,5,3,No,27853,1,Engineer,1,86.0,86.0,HIGH
101999,44,Male,148732869,Standard,3,13670907,SUV,6,1,Yes,23604,1,Office Worker,1,88.67,88.67,HIGH
102000,20,Female,127848428,Premium,4,3137810,Hatchback,9,2,Yes,43355,0,Business Owner,1,90.67,90.67,HIGH
102001,34,Female,51584138,Basic,6,8792432,Sedan,14,0,No,28919,1,Student,1,87.33,87.33,HIGH
102002,61,Male,120897229,Standard,3,12917120,Motorcycle,9,3,Yes,24154,0,Driver,1,91.0,91.0,HIGH
102003,45,Male,206144385,Premium,10,9199077,Motorcycle,0,0,No,11906,0,Student,0,4.67,4.67,LOW
102004,46,Female,42069223,Standard,1,3417490,SUV,8,0,No,17298,0,Office Worker,1,74.67,74.67,HIGH
102005,38,Female,40446786,Standard,1,10635763,Motorcycle,14,1,No,45465,2,Teacher,1,84.33,84.33,HIGH
102006,64,Male,237211190,Basic,9,7665472,SUV,13,3,No,4347,1,Teacher,1,87.33,87.33,HIGH
102007,33,Female,73750452,Basic,9,14534375,Pickup,7,3,No,8008,0,Business Owner,1,89.67,89.67,HIGH
102008,54,Female,171670946,Basic,5,3543440,Sedan,6,0,No,27553,0,Student,0,51.33,51.33,MEDIUM
102009,37,Female,149219031,Premium,9,10089556,Hatchback,8,2,No,30018,0,Driver,1,61.67,61.67,MEDIUM
102010,23,Female,157847122,Basic,7,8249493,Hatchback,2,2,No,7868,2,Engineer,1,87.0,87.0,HIGH
102011,36,Male,27928785,Standard,9,9235022,Hatchback,9,1,No,33905,2,Student,1,85.0,85.0,HIGH
102012,22,Male,140595199,Standard,7,9457190,Pickup,3,2,No,6960,1,Teacher,1,75.67,75.67,HIGH
102013,20,Male,242031920,Basic,9,9057135,Sedan,15,3,No,12944,1,Engineer,1,78.33,78.33,HIGH
102014,18,Female,236085171,Standard,2,1437734,Motorcycle,6,2,No,5505,2,Teacher,1,85.67,85.67,HIGH
102015,55,Female,164008892,Standard,8,5338079,Motorcycle,5,1,No,26759,0,Office Worker,1,66.33,66.33,MEDIUM
102016,32,Female,26612119,Premium,7,2622320,Sedan,13,0,No,21121,0,Office Worker,1,83.67,83.67,HIGH
102017,51,Female,116813612,Standard,6,9968387,Sedan,15,1,No,48129,1,Driver,1,84.33,84.33,HIGH
102018,52,Female,40516706,Standard,5,7561643,Hatchback,12,2,No,22063,0,Engineer,1,85.33,85.33,HIGH
102019,66,Male,117662461,Basic,4,11851116,Motorcycle,1,2,No,34559,0,Engineer,1,76.0,76.0,HIGH
102020,42,Female,98385984,Premium,7,11201475,Sedan,15,0,No,8760,1,Driver,1,47.67,47.67,MEDIUM
102021,41,Female,62771235,Basic,3,3427636,Motorcycle,15,1,No,44871,1,Teacher,1,89.0,89.0,HIGH
102022,29,Male,134678744,Standard,8,4286976,Sedan,1,2,Yes,16081,1,Student,1,84.67,84.67,HIGH
102023,35,Female,121913836,Basic,2,5591456,SUV,9,1,No,36126,1,Driver,1,77.33,77.33,HIGH
102024,32,Male,236161595,Premium,1,4701190,Hatchback,6,1,Yes,33961,1,Office Worker,1,78.33,78.33,HIGH
102025,61,Male,87779882,Standard,2,10781960,Sedan,8,2,No,41721,1,Engineer,1,81.33,81.33,HIGH
102026,33,Male,134923809,Standard,9,1350912,Pickup,10,1,No,36844,1,Business Owner,1,84.0,84.0,HIGH
102027,44,Male,92252568,Basic,5,2960783,Sedan,14,0,No,17088,1,Teacher,0,6.0,6.0,LOW
102028,25,Male,40366031,Standard,8,7923921,SUV,15,3,No,10236,1,Business Owner,0,7.67,7.67,LOW
102029,63,Female,172941089,Standard,3,3647349,Pickup,11,2,Yes,41439,2,Office Worker,0,9.67,9.67,LOW
102030,42,Male,33454364,Standard,7,14675646,Pickup,8,1,No,25148,1,Engineer,0,7.0,7.0,LOW
102031,34,Male,236082264,Basic,2,12149486,Sedan,6,1,No,40742,4,Engineer,1,76.33,76.33,HIGH
102032,46,Female,221484277,Premium,8,13244033,SUV,10,1,Yes,39295,0,Driver,1,82.33,82.33,HIGH
102033,70,Female,188386866,Premium,7,7153608,Pickup,7,1,No,48060,1,Student,0,48.67,48.67,MEDIUM
102034,25,Male,49669000,Basic,5,8137219,Hatchback,15,4,No,45564,1,Driver,1,93.0,93.0,HIGH
102035,32,Female,66330304,Premium,4,13320108,Hatchback,9,1,Yes,36843,0,Business Owner,1,84.67,84.67,HIGH
102036,44,Female,89085033,Standard,1,1768278,Motorcycle,2,0,No,23432,4,Engineer,1,74.67,74.67,HIGH
102037,63,Male,195168800,Standard,5,11416885,Motorcycle,0,1,No,19712,0,Student,1,76.33,76.33,HIGH
102038,67,Male,105735137,Basic,9,1727402,SUV,6,3,Yes,17433,1,Driver,1,93.67,93.67,HIGH
102039,69,Female,72865579,Standard,10,12978476,Pickup,7,2,No,30808,0,Student,1,80.33,80.33,HIGH
102040,24,Male,199766951,Standard,4,6664938,Hatchback,1,0,No,39245,0,Teacher,0,5.67,5.67,LOW
102041,20,Male,66801105,Standard,9,12158578,Hatchback,14,1,No,42892,1,Teacher,0,13.0,13.0,LOW
102042,46,Female,160503916,Standard,2,12621703,SUV,8,1,No,20386,1,Business Owner,1,74.33,74.33,HIGH
102043,61,Male,134485701,Standard,4,9716134,Pickup,3,0,Yes,28152,0,Student,1,65.67,65.67,MEDIUM
102044,70,Male,141623380,Standard,9,10433752,SUV,9,4,No,27902,3,Teacher,1,90.67,90.67,HIGH
102045,41,Male,246189753,Basic,4,6317199,Sedan,10,1,Yes,35662,1,Engineer,1,84.33,84.33,HIGH
102046,20,Male,45945989,Premium,5,9661922,Hatchback,8,1,No,17702,2,Teacher,1,90.0,90.0,HIGH
102047,37,Male,106779560,Standard,8,14227152,SUV,15,2,No,38589,0,Student,1,87.33,87.33,HIGH
102048,63,Female,106926191,Basic,1,7029307,SUV,12,1,No,45425,0,Student,0,67.33,67.33,MEDIUM
102049,32,Female,249740842,Basic,1,11329242,Sedan,2,1,No,47185,0,Driver,0,61.0,61.0,MEDIUM
102050,42,Male,133612134,Standard,9,11399630,Motorcycle,7,3,No,29857,2,Student,1,65.67,65.67,MEDIUM
102051,47,Female,177779038,Premium,9,12753979,Hatchback,10,1,No,48707,1,Student,1,55.0,55.0,MEDIUM
102052,31,Male,226130985,Standard,4,12288400,SUV,1,2,No,21764,3,Business Owner,1,71.67,71.67,HIGH
102053,24,Male,122371145,Standard,2,12176298,Hatchback,14,1,No,11686,3,Student,1,90.67,90.67,HIGH
102054,34,Male,102642269,Basic,9,3307396,Motorcycle,13,1,No,5416,2,Driver,0,70.33,70.33,HIGH
102055,61,Male,142680120,Standard,4,7955855,SUV,2,0,No,28729,0,Driver,0,4.33,4.33,LOW
102056,37,Male,138793779,Premium,6,5209294,Sedan,0,1,No,35671,3,Engineer,0,5.67,5.67,LOW
102057,53,Female,95770961,Standard,1,6186029,Hatchback,4,0,Yes,5142,1,Teacher,1,75.33,75.33,HIGH
102058,26,Female,167955451,Basic,9,13050977,Sedan,3,2,Yes,22772,1,Business Owner,0,7.33,7.33,LOW
102059,55,Male,87745175,Standard,5,11615087,Motorcycle,12,4,No,28377,0,Office Worker,1,90.67,90.67,HIGH
102060,65,Female,133717811,Basic,3,12351506,Motorcycle,0,1,No,46002,0,Engineer,1,74.33,74.33,HIGH
102061,39,Male,230623676,Standard,4,11400647,Hatchback,9,0,No,3207,1,Student,0,5.67,5.67,LOW
102062,70,Female,206846494,Standard,1,8629038,Motorcycle,8,3,No,13846,1,Teacher,1,82.67,82.67,HIGH
102063,70,Male,84537422,Standard,9,6663369,Pickup,5,2,Yes,44432,1,Business Owner,1,90.33,90.33,HIGH
102064,19,Female,78477891,Basic,8,11397188,Hatchback,5,2,Yes,24511,0,Engineer,1,91.67,91.67,HIGH
102065,41,Male,129706238,Premium,4,12140271,Pickup,13,2,No,27711,0,Driver,0,8.0,8.0,LOW
102066,25,Male,243956967,Standard,2,11688921,Motorcycle,10,1,No,40124,1,Business Owner,1,83.67,83.67,HIGH
102067,28,Female,213448264,Standard,9,6593813,Hatchback,1,2,No,28746,0,Business Owner,1,82.33,82.33,HIGH
102068,30,Female,233974984,Standard,4,10788779,Pickup,14,0,No,9024,1,Student,1,74.0,74.0,HIGH
102069,34,Male,211980505,Standard,9,3214934,Motorcycle,13,0,Yes,33392,2,Business Owner,1,90.0,90.0,HIGH
102070,25,Female,93709584,Standard,10,14371709,SUV,6,2,No,43373,2,Teacher,0,9.33,9.33,LOW
102071,38,Male,111491407,Standard,3,3431500,SUV,11,1,No,37204,1,Teacher,1,84.67,84.67,HIGH
102072,35,Female,112105678,Standard,7,13981128,Sedan,11,0,No,47531,0,Business Owner,1,74.33,74.33,HIGH
102073,47,Female,148625058,Basic,7,12329264,SUV,14,1,Yes,25759,3,Office Worker,1,91.33,91.33,HIGH
102074,35,Male,72980339,Premium,10,1052499,Pickup,15,0,Yes,29724,1,Student,1,77.33,77.33,HIGH
102075,63,Female,108817540,Standard,4,6499903,SUV,8,4,Yes,48772,2,Business Owner,1,91.33,91.33,HIGH
102076,64,Female,115274038,Basic,2,7622811,Hatchback,5,1,No,44466,1,Business Owner,1,77.33,77.33,HIGH
102077,48,Male,186352964,Standard,9,6386859,Hatchback,10,1,Yes,13797,0,Office Worker,1,87.67,87.67,HIGH
102078,55,Female,33979219,Premium,4,11634168,Hatchback,7,0,Yes,28021,1,Office Worker,1,86.33,86.33,HIGH
102079,49,Male,188325585,Premium,8,5017380,SUV,11,0,No,38549,1,Driver,1,72.67,72.67,HIGH
102080,28,Male,71875246,Standard,2,7999147,SUV,4,4,No,36211,1,Student,1,83.33,83.33,HIGH
102081,62,Male,40371868,Basic,8,13532512,Sedan,1,3,No,45500,1,Office Worker,1,89.0,89.0,HIGH
102082,42,Male,106369859,Standard,10,5565907,Motorcycle,12,1,No,46730,2,Business Owner,1,84.33,84.33,HIGH
102083,50,Male,232953516,Basic,5,4485627,Sedan,14,0,No,36334,0,Office Worker,1,68.0,68.0,MEDIUM
102084,55,Female,165262729,Premium,7,1725311,Pickup,15,3,No,22986,0,Engineer,1,92.67,92.67,HIGH
102085,58,Male,114763004,Basic,7,9047901,Hatchback,3,2,No,21320,1,Driver,1,78.33,78.33,HIGH
102086,25,Male,184863902,Basic,9,5060011,SUV,11,3,Yes,39951,1,Driver,1,93.67,93.67,HIGH
102087,28,Female,59050664,Standard,3,5987208,Motorcycle,0,1,No,43694,0,Teacher,0,6.67,6.67,LOW
102088,39,Female,45411399,Standard,10,8755628,Motorcycle,0,1,No,45612,2,Student,1,58.67,58.67,MEDIUM
102089,68,Female,82933890,Standard,4,11851056,SUV,5,1,No,41569,1,Driver,1,50.0,50.0,MEDIUM
102090,41,Male,236402223,Standard,10,8498384,Sedan,14,0,No,49564,0,Student,1,59.67,59.67,MEDIUM
102091,58,Male,56109310,Basic,4,10590115,Motorcycle,1,2,No,19021,1,Engineer,1,78.0,78.0,HIGH
102092,34,Male,212178349,Basic,10,10878802,Sedan,5,2,Yes,24199,0,Teacher,1,84.33,84.33,HIGH
102093,29,Female,121145928,Standard,5,14770822,SUV,15,3,No,8500,0,Business Owner,1,86.33,86.33,HIGH
102094,63,Male,79244317,Basic,6,7171450,Sedan,0,1,No,32666,1,Engineer,1,76.67,76.67,HIGH
102095,49,Female,51592372,Standard,3,7438082,Hatchback,10,1,No,8402,2,Student,0,73.33,73.33,HIGH
102096,32,Male,28991818,Standard,4,2579872,SUV,9,1,Yes,26371,0,Student,0,9.33,9.33,LOW
102097,33,Female,167382690,Standard,3,5020011,SUV,2,1,No,40549,0,Student,0,7.33,7.33,LOW
102098,39,Male,146219556,Premium,2,6323679,Motorcycle,15,1,Yes,38454,0,Business Owner,0,5.67,5.67,LOW
102099,45,Male,81372732,Premium,10,11239854,Motorcycle,13,2,No,18515,0,Teacher,1,80.33,80.33,HIGH
102100,37,Male,130733417,Premium,9,7526474,Motorcycle,8,0,Yes,20587,0,Teacher,1,83.0,83.0,HIGH
102101,50,Female,225195980,Basic,1,1999529,Hatchback,1,0,Yes,40824,0,Student,1,69.0,69.0,MEDIUM
102102,27,Female,119299299,Basic,2,6522177,Hatchback,7,2,No,46897,0,Engineer,1,83.67,83.67,HIGH
102103,57,Male,25250231,Basic,8,5770684,Pickup,5,0,No,10057,1,Teacher,1,77.0,77.0,HIGH
102104,49,Male,202222284,Premium,7,3341059,SUV,11,0,No,15099,1,Business Owner,1,79.33,79.33,HIGH
102105,67,Male,239289675,Premium,1,13232848,Motorcycle,5,1,No,49346,2,Engineer,1,74.0,74.0,HIGH
102106,50,Female,214284900,Premium,5,6816272,SUV,6,1,No,25097,1,Business Owner,1,79.33,79.33,HIGH
102107,19,Male,246475913,Basic,10,7446811,Sedan,4,0,No,8183,2,Student,1,85.0,85.0,HIGH
102108,50,Male,182736443,Premium,6,2488221,Hatchback,11,0,No,23463,2,Teacher,1,67.67,67.67,MEDIUM
102109,50,Male,59533367,Standard,5,3043303,Pickup,10,2,No,34060,2,Business Owner,1,89.0,89.0,HIGH
102110,58,Male,198039688,Basic,4,11181078,Sedan,3,2,No,19696,1,Office Worker,1,82.33,82.33,HIGH
102111,30,Female,67973491,Standard,1,14555373,SUV,5,1,No,11354,1,Engineer,1,74.0,74.0,HIGH
102112,47,Female,77461766,Basic,7,5223191,Hatchback,7,2,No,20912,2,Office Worker,1,82.0,82.0,HIGH
102113,50,Male,25420993,Standard,9,6682268,Motorcycle,3,1,No,48348,1,Office Worker,1,78.0,78.0,HIGH
102114,30,Male,178255735,Basic,6,12276547,Sedan,4,1,No,32361,0,Student,1,64.33,64.33,MEDIUM
102115,69,Female,120306518,Standard,3,7464062,Hatchback,6,1,No,24880,1,Student,1,74.67,74.67,HIGH
102116,43,Female,192765799,Standard,10,1251420,SUV,5,0,No,45525,1,Office Worker,1,70.0,70.0,HIGH
102117,39,Male,113487398,Premium,4,1978778,SUV,12,0,No,18760,1,Business Owner,1,83.0,83.0,HIGH
102118,56,Female,116160404,Standard,10,5141340,Sedan,3,0,No,7768,4,Student,0,5.0,5.0,LOW
102119,19,Female,71984860,Standard,5,3633719,Sedan,12,1,No,26951,1,Engineer,1,72.0,72.0,HIGH
102120,55,Male,161970418,Premium,1,13233187,Sedan,3,1,No,36166,2,Office Worker,0,51.67,51.67,MEDIUM
102121,56,Female,73482500,Premium,5,14227938,Pickup,9,5,Yes,20431,3,Engineer,1,80.67,80.67,HIGH
102122,43,Female,93112374,Basic,1,10052229,Motorcycle,3,1,Yes,21326,2,Teacher,1,80.33,80.33,HIGH
102123,63,Male,138263326,Standard,9,3756986,Hatchback,0,1,No,30706,2,Engineer,1,75.0,75.0,HIGH
102124,67,Male,42848408,Basic,7,11905901,SUV,4,1,No,36007,0,Engineer,0,5.33,5.33,LOW
102125,32,Female,140475230,Basic,3,11830078,SUV,7,1,Yes,29934,3,Office Worker,1,80.33,80.33,HIGH
102126,51,Male,145855985,Standard,9,3025131,Motorcycle,6,3,No,42232,0,Driver,1,84.67,84.67,HIGH
102127,59,Female,93969235,Premium,2,7511535,Sedan,4,1,No,36439,0,Teacher,1,75.0,75.0,HIGH
102128,61,Male,104694571,Basic,7,10680135,Sedan,2,1,No,35224,1,Student,0,45.67,45.67,MEDIUM
102129,66,Female,49555728,Premium,9,1204470,SUV,14,0,No,27303,0,Engineer,0,67.33,67.33,MEDIUM
102130,57,Male,225612993,Premium,6,14937356,Motorcycle,14,1,No,38229,1,Office Worker,1,59.67,59.67,MEDIUM
102131,28,Female,144011992,Premium,10,13992248,SUV,10,2,No,30969,3,Driver,1,80.0,80.0,HIGH
102132,20,Female,204571724,Basic,5,13212436,Sedan,0,1,Yes,23532,0,Office Worker,0,4.33,4.33,LOW
102133,23,Female,78947238,Premium,7,12667443,Hatchback,12,0,No,36855,1,Student,1,82.67,82.67,HIGH
102134,26,Male,55147291,Basic,6,1624559,Sedan,6,0,Yes,9776,0,Office Worker,1,61.0,61.0,MEDIUM
102135,23,Male,107969705,Standard,5,5120675,Hatchback,12,0,No,12334,1,Business Owner,1,82.33,82.33,HIGH
102136,26,Female,190834102,Basic,2,12077436,Pickup,14,0,No,40892,0,Teacher,0,6.33,6.33,LOW
102137,56,Female,44138117,Basic,8,2100911,Motorcycle,10,0,No,31484,2,Business Owner,1,70.33,70.33,HIGH
102138,48,Male,120464546,Standard,7,3140467,Pickup,2,0,No,31831,2,Engineer,1,71.0,71.0,HIGH
102139,49,Male,106952330,Standard,6,3030245,Sedan,3,0,No,47919,0,Office Worker,1,68.0,68.0,MEDIUM
102140,58,Male,111838133,Basic,5,3988506,Motorcycle,13,1,Yes,26665,1,Office Worker,0,8.67,8.67,LOW
102141,67,Male,28291987,Basic,5,12843107,Sedan,4,3,Yes,32205,1,Engineer,1,82.67,82.67,HIGH
102142,29,Male,72538500,Standard,9,4648598,Motorcycle,12,2,No,10054,0,Engineer,1,77.33,77.33,HIGH
102143,25,Male,217091090,Basic,1,5243638,Motorcycle,14,3,Yes,46468,1,Teacher,1,81.0,81.0,HIGH
102144,25,Female,124989205,Premium,9,7478420,Sedan,11,1,Yes,4028,0,Driver,0,8.67,8.67,LOW
102145,67,Male,155246458,Basic,6,6435148,Sedan,7,0,No,13368,1,Office Worker,0,6.33,6.33,LOW
102146,45,Female,54268923,Basic,4,7095012,Motorcycle,12,2,No,24435,2,Student,1,88.0,88.0,HIGH
102147,37,Male,107298322,Standard,10,8379758,Motorcycle,6,1,No,20054,0,Student,1,68.67,68.67,MEDIUM
102148,64,Male,125533117,Standard,7,1206823,Sedan,8,2,No,40362,0,Student,1,85.67,85.67,HIGH
102149,24,Female,72809902,Standard,9,11142150,Sedan,10,0,No,17611,1,Engineer,0,48.0,48.0,MEDIUM
102150,28,Female,224773501,Basic,5,5966637,SUV,2,1,No,16394,0,Engineer,1,77.33,77.33,HIGH
102151,37,Male,168397007,Premium,5,3914278,SUV,13,0,No,37623,1,Engineer,1,80.0,80.0,HIGH
102152,33,Female,172114199,Standard,8,11648085,SUV,10,0,No,33748,0,Student,1,75.33,75.33,HIGH
102153,21,Female,79594920,Basic,7,14262502,Pickup,9,2,No,34724,1,Driver,1,65.33,65.33,MEDIUM
102154,23,Female,218522702,Standard,8,4995705,Motorcycle,0,2,No,46038,1,Teacher,1,60.67,60.67,MEDIUM
102155,39,Female,30492952,Premium,10,8750173,Hatchback,0,1,No,29582,1,Business Owner,1,78.67,78.67,HIGH
102156,43,Male,73236011,Basic,2,2841041,Pickup,11,0,No,16597,0,Office Worker,1,77.33,77.33,HIGH
102157,20,Female,119469046,Basic,9,4732477,Motorcycle,9,0,No,12880,0,Business Owner,0,7.33,7.33,LOW
102158,58,Male,90256994,Standard,3,10177705,Hatchback,12,2,No,23815,1,Office Worker,1,87.0,87.0,HIGH
102159,59,Male,169414902,Standard,6,13872081,SUV,13,1,No,19953,0,Engineer,1,53.0,53.0,MEDIUM
102160,31,Male,103002445,Standard,6,7708205,Hatchback,0,0,Yes,25840,1,Student,0,6.0,6.0,LOW
102161,28,Male,165514770,Basic,2,14546313,Sedan,1,3,Yes,15886,2,Business Owner,1,81.33,81.33,HIGH
102162,35,Female,105710501,Basic,7,9378022,Sedan,1,1,No,14966,1,Engineer,1,71.67,71.67,HIGH
102163,29,Female,96161443,Standard,9,7106973,Motorcycle,6,0,No,28440,1,Office Worker,1,70.33,70.33,HIGH
102164,40,Male,32200262,Basic,10,11344089,Pickup,8,2,No,9514,1,Teacher,1,87.33,87.33,HIGH
102165,29,Male,134821469,Standard,1,12817478,SUV,7,1,No,40668,0,Teacher,1,80.33,80.33,HIGH
102166,30,Male,139850258,Standard,8,6230788,Motorcycle,14,1,No,48369,2,Business Owner,1,87.67,87.67,HIGH
102167,42,Male,188080496,Basic,2,5517696,SUV,3,2,Yes,8349,0,Business Owner,1,88.67,88.67,HIGH
102168,62,Female,146324687,Premium,1,4360408,Sedan,1,0,No,4029,2,Business Owner,1,72.0,72.0,HIGH
102169,68,Male,234051758,Premium,8,1201703,Pickup,2,1,No,9616,1,Business Owner,1,71.33,71.33,HIGH
102170,36,Female,99798069,Standard,2,3456327,Pickup,9,0,No,37764,2,Business Owner,1,56.33,56.33,MEDIUM
102171,63,Male,224774439,Basic,6,12384905,Sedan,4,2,Yes,28824,2,Engineer,1,70.0,70.0,HIGH
102172,53,Male,110495505,Basic,6,5710032,Hatchback,8,2,No,29712,0,Office Worker,1,87.67,87.67,HIGH
102173,62,Male,44080923,Standard,5,1067173,Pickup,7,0,Yes,21471,1,Office Worker,1,67.0,67.0,MEDIUM
102174,25,Male,185923215,Basic,8,3832718,Hatchback,12,4,Yes,28256,1,Driver,1,94.0,94.0,HIGH
102175,46,Female,231789202,Premium,3,12573070,SUV,11,1,No,36142,1,Student,1,56.0,56.0,MEDIUM
102176,70,Female,27098729,Basic,10,7748847,Pickup,13,2,No,47329,2,Teacher,1,81.0,81.0,HIGH
102177,49,Female,222240080,Standard,4,9622654,Sedan,2,0,Yes,6045,0,Business Owner,0,7.0,7.0,LOW
102178,68,Male,244924652,Standard,7,3292007,Hatchback,8,0,Yes,17728,0,Teacher,0,61.33,61.33,MEDIUM
102179,61,Male,223419404,Standard,7,5550642,SUV,9,1,No,32713,1,Office Worker,1,78.67,78.67,HIGH
102180,35,Female,217117914,Basic,8,3823251,SUV,2,1,No,16838,0,Student,1,74.0,74.0,HIGH
102181,23,Female,175683145,Standard,2,14849614,Pickup,9,1,No,25659,1,Student,0,7.67,7.67,LOW
102182,35,Male,87925345,Basic,2,7735714,Pickup,11,3,No,41717,1,Engineer,1,93.0,93.0,HIGH
102183,36,Male,126784099,Premium,4,5902021,Motorcycle,13,0,Yes,36573,0,Business Owner,1,78.67,78.67,HIGH
102184,39,Female,118179800,Basic,10,8479773,Motorcycle,7,0,No,9352,2,Driver,1,77.33,77.33,HIGH
102185,54,Male,183134789,Premium,9,13171896,Pickup,15,2,No,42238,0,Student,1,84.0,84.0,HIGH
102186,49,Male,37124055,Premium,10,4737918,Motorcycle,0,1,No,26030,0,Engineer,0,44.67,44.67,MEDIUM
102187,58,Female,175356881,Basic,9,8200135,Sedan,3,1,Yes,36046,1,Business Owner,1,79.33,79.33,HIGH
102188,20,Male,57315606,Standard,4,12946462,Sedan,3,1,No,4405,0,Office Worker,0,6.33,6.33,LOW
102189,45,Female,200360133,Basic,9,8396991,Motorcycle,5,0,No,44747,0,Driver,0,5.33,5.33,LOW
102190,27,Male,92259517,Premium,3,12106671,Pickup,11,1,Yes,10150,0,Business Owner,1,73.0,73.0,HIGH
102191,68,Female,107106264,Standard,5,3752878,Sedan,11,1,Yes,32623,0,Engineer,1,68.0,68.0,MEDIUM
102192,52,Male,27488144,Basic,10,8912735,SUV,1,0,No,20716,2,Teacher,1,77.67,77.67,HIGH
102193,46,Female,215511789,Standard,9,5319020,Pickup,6,1,No,11065,0,Engineer,0,3.33,3.33,LOW
102194,32,Female,114013399,Basic,6,1009907,Hatchback,4,1,Yes,15564,1,Engineer,1,80.67,80.67,HIGH
102195,50,Female,213033354,Premium,3,5168142,Hatchback,9,2,No,22531,0,Engineer,1,82.67,82.67,HIGH
102196,24,Female,70399577,Basic,10,6076561,Pickup,15,3,Yes,43760,0,Engineer,1,92.67,92.67,HIGH
102197,29,Male,30088539,Standard,9,13091404,Motorcycle,5,0,Yes,6449,1,Driver,0,77.67,77.67,HIGH
102198,66,Male,248884362,Standard,6,5645399,Sedan,10,2,No,36200,1,Student,1,93.0,93.0,HIGH
102199,47,Female,235101413,Premium,4,4099815,Sedan,13,0,No,36777,1,Student,1,72.67,72.67,HIGH
102200,38,Male,47074556,Basic,4,8899405,Pickup,5,0,No,10279,0,Office Worker,1,76.33,76.33,HIGH
102201,48,Male,77828237,Standard,8,6701595,SUV,13,2,No,47809,1,Student,1,79.0,79.0,HIGH
102202,41,Male,58971122,Standard,7,14548613,Motorcycle,13,0,No,8191,4,Engineer,1,71.33,71.33,HIGH
102203,37,Male,88938137,Standard,1,2360247,SUV,11,1,No,11508,1,Student,1,84.67,84.67,HIGH
102204,54,Male,118438639,Basic,6,7224984,Pickup,13,3,No,8307,0,Teacher,1,89.67,89.67,HIGH
102205,21,Female,95105108,Basic,8,2959612,Pickup,10,4,No,7216,2,Teacher,1,89.67,89.67,HIGH
102206,45,Female,185261303,Basic,3,14363416,SUV,5,3,No,4365,1,Student,1,85.67,85.67,HIGH
102207,61,Female,231686054,Standard,9,2819073,Hatchback,9,2,Yes,42564,1,Engineer,1,90.67,90.67,HIGH
102208,37,Female,32838941,Basic,10,3188157,Pickup,11,0,No,12127,2,Driver,1,83.67,83.67,HIGH
102209,41,Male,51088250,Standard,2,13533279,Motorcycle,7,1,No,22902,4,Engineer,1,84.67,84.67,HIGH
102210,67,Male,60432211,Basic,6,5131980,SUV,9,0,No,47747,1,Student,1,75.0,75.0,HIGH
102211,66,Female,194397359,Premium,1,12068576,Hatchback,15,3,No,38536,0,Student,1,90.0,90.0,HIGH
102212,68,Male,26801951,Premium,2,2021983,SUV,3,1,Yes,3495,2,Office Worker,1,78.33,78.33,HIGH
102213,49,Male,167659285,Standard,5,2693495,Hatchback,9,1,Yes,6592,0,Engineer,1,81.33,81.33,HIGH
102214,58,Female,222596218,Standard,1,6532823,Hatchback,7,2,Yes,5232,2,Office Worker,1,86.67,86.67,HIGH
102215,53,Male,53720008,Basic,8,2826650,Motorcycle,8,1,No,43816,0,Office Worker,0,7.67,7.67,LOW
102216,70,Female,235724460,Basic,1,14546755,Pickup,12,2,No,22319,1,Business Owner,1,81.33,81.33,HIGH
102217,51,Female,100337600,Basic,9,2982167,Hatchback,12,0,Yes,17667,0,Teacher,1,84.67,84.67,HIGH
102218,53,Male,176784092,Standard,10,6643542,Pickup,3,0,No,16000,1,Office Worker,0,46.0,46.0,MEDIUM
102219,19,Male,108604679,Standard,3,1181532,Motorcycle,0,1,Yes,9719,2,Teacher,1,82.67,82.67,HIGH
102220,32,Female,118790197,Premium,2,10757588,Pickup,2,0,Yes,7445,3,Student,1,47.33,47.33,MEDIUM
102221,51,Female,34941699,Standard,1,4291677,Sedan,0,1,No,38135,2,Student,1,75.33,75.33,HIGH
102222,53,Male,82340290,Standard,9,7551129,Hatchback,6,0,No,13776,1,Business Owner,1,77.67,77.67,HIGH
102223,23,Female,213370677,Standard,4,11903699,Motorcycle,11,1,Yes,42323,0,Business Owner,1,91.0,91.0,HIGH
102224,56,Female,227634758,Standard,1,6517967,SUV,0,2,Yes,20289,1,Engineer,1,84.67,84.67,HIGH
102225,59,Female,153698650,Basic,1,7459312,Motorcycle,10,3,No,14419,0,Business Owner,1,89.67,89.67,HIGH
102226,68,Male,119369792,Standard,7,13966457,Hatchback,3,1,Yes,10900,2,Driver,0,8.67,8.67,LOW
102227,68,Female,188104474,Standard,2,9609707,Motorcycle,12,3,No,29403,2,Student,1,85.0,85.0,HIGH
102228,29,Male,154761743,Standard,7,6969688,SUV,13,0,No,31298,2,Student,1,78.33,78.33,HIGH
102229,20,Female,182187301,Premium,7,12957526,Sedan,0,2,No,30156,2,Teacher,1,72.33,72.33,HIGH
102230,62,Male,135175174,Basic,10,14658859,Hatchback,12,0,No,40365,0,Business Owner,1,84.67,84.67,HIGH
102231,35,Female,61065451,Basic,9,10535930,Hatchback,12,2,No,27037,2,Teacher,1,86.33,86.33,HIGH
102232,57,Male,55215254,Standard,7,11062720,Motorcycle,1,0,Yes,49233,1,Business Owner,0,8.67,8.67,LOW
102233,38,Male,210880104,Standard,1,4834254,Pickup,10,0,No,8009,1,Student,1,49.0,49.0,MEDIUM
102234,32,Male,59583674,Basic,8,7579327,Pickup,14,3,Yes,10235,0,Business Owner,1,91.0,91.0,HIGH
102235,50,Female,127830922,Standard,8,10026896,SUV,13,2,No,29091,2,Engineer,1,78.67,78.67,HIGH
102236,52,Female,246812009,Premium,4,8404001,Sedan,0,0,No,43726,0,Business Owner,0,5.67,5.67,LOW
102237,43,Female,235065268,Premium,8,4567312,Sedan,12,0,No,41056,0,Business Owner,1,89.67,89.67,HIGH
102238,25,Male,72447968,Basic,4,12078579,Motorcycle,4,1,No,48766,1,Engineer,0,6.33,6.33,LOW
102239,53,Female,32283377,Premium,8,11000569,Motorcycle,6,1,No,41904,0,Engineer,0,8.0,8.0,LOW
102240,65,Male,140075646,Standard,5,4311784,Pickup,2,1,Yes,14195,1,Engineer,1,75.67,75.67,HIGH
102241,47,Female,166235683,Standard,4,8915179,Sedan,13,1,No,42374,0,Teacher,1,86.0,86.0,HIGH
102242,40,Male,90833124,Standard,6,10350403,Sedan,7,1,No,29248,1,Student,0,7.67,7.67,LOW
102243,59,Male,72732712,Premium,2,8536332,Sedan,13,3,No,29226,2,Business Owner,1,86.33,86.33,HIGH
102244,61,Male,204585406,Standard,2,11971075,SUV,14,0,Yes,23779,1,Engineer,1,78.0,78.0,HIGH
102245,31,Female,195510544,Standard,2,1677510,SUV,4,1,Yes,13666,1,Engineer,1,78.67,78.67,HIGH
102246,31,Female,125495074,Standard,9,8231021,Motorcycle,4,0,Yes,23379,0,Student,1,71.67,71.67,HIGH
102247,19,Female,209954287,Standard,10,9620552,Pickup,12,5,Yes,34709,1,Driver,1,90.0,90.0,HIGH
102248,54,Male,94617028,Basic,3,8396822,Hatchback,4,2,No,45850,1,Business Owner,1,81.33,81.33,HIGH
102249,22,Male,212868719,Premium,10,7095008,Pickup,7,0,Yes,44266,0,Driver,0,8.67,8.67,LOW
102250,55,Female,98283807,Standard,4,8093536,SUV,1,1,Yes,33818,2,Driver,0,3.67,3.67,LOW
102251,62,Female,119011763,Standard,10,8401811,SUV,1,0,No,43537,1,Engineer,0,5.0,5.0,LOW
102252,58,Female,209260029,Basic,8,5300675,Motorcycle,14,1,No,33949,2,Teacher,1,86.33,86.33,HIGH
102253,64,Male,141925026,Standard,4,3395968,Hatchback,13,5,No,28853,0,Student,1,90.67,90.67,HIGH
102254,31,Male,138188979,Basic,10,8671285,Sedan,11,2,No,37195,0,Business Owner,1,84.0,84.0,HIGH
102255,56,Male,159389005,Basic,10,9795610,Hatchback,7,0,Yes,24997,2,Business Owner,1,84.33,84.33,HIGH
102256,42,Male,222624254,Standard,7,13021588,Hatchback,15,2,Yes,38870,2,Business Owner,1,92.33,92.33,HIGH
102257,37,Male,102890927,Standard,5,11233431,Hatchback,8,1,Yes,37114,2,Teacher,1,80.33,80.33,HIGH
102258,19,Female,65905980,Standard,9,5085198,Motorcycle,10,0,No,44588,2,Driver,0,68.33,68.33,MEDIUM
102259,56,Male,227687804,Basic,4,12417058,SUV,11,1,Yes,32871,0,Office Worker,1,86.33,86.33,HIGH
102260,23,Male,241822174,Standard,3,13221119,Sedan,9,2,No,4961,1,Student,1,84.33,84.33,HIGH
102261,34,Male,97989790,Basic,2,8832728,Hatchback,9,1,Yes,40380,2,Office Worker,0,6.33,6.33,LOW
102262,42,Male,43380560,Premium,1,14390646,Sedan,1,4,No,45507,1,Driver,1,87.0,87.0,HIGH
102263,45,Male,187657303,Standard,6,12726472,Hatchback,3,2,No,8690,1,Engineer,0,5.33,5.33,LOW
102264,19,Female,86189747,Standard,10,5412176,SUV,7,0,No,18168,1,Office Worker,1,82.0,82.0,HIGH
102265,52,Male,240136918,Basic,2,11833044,Sedan,1,0,No,48875,0,Office Worker,0,3.0,3.0,LOW
102266,54,Male,237637521,Basic,8,13217531,Pickup,3,1,No,8458,2,Student,0,61.33,61.33,MEDIUM
102267,22,Male,165780593,Premium,6,3670722,SUV,9,0,No,29942,0,Driver,1,83.67,83.67,HIGH
102268,18,Female,73878285,Basic,5,1652739,Sedan,12,2,No,13033,3,Student,1,87.67,87.67,HIGH
102269,57,Female,83445297,Standard,2,6102083,Hatchback,15,1,No,11047,0,Engineer,0,11.67,11.67,LOW
102270,29,Female,227708302,Standard,7,10096682,Hatchback,12,1,No,7902,1,Teacher,1,84.0,84.0,HIGH
102271,53,Male,61146254,Basic,2,2770971,SUV,0,2,No,4496,2,Teacher,1,79.0,79.0,HIGH
102272,62,Female,127721093,Premium,5,7315270,SUV,15,0,No,30664,0,Teacher,1,86.67,86.67,HIGH
102273,40,Male,185185370,Standard,2,3252313,Hatchback,1,2,Yes,45203,1,Business Owner,1,89.67,89.67,HIGH
102274,64,Male,239733361,Basic,10,3039242,Sedan,6,0,Yes,7582,2,Teacher,1,86.33,86.33,HIGH
102275,48,Female,52384611,Basic,2,11934807,Pickup,0,2,No,32482,0,Teacher,0,5.0,5.0,LOW
102276,28,Male,220733750,Basic,7,13484586,Motorcycle,11,3,Yes,37811,1,Driver,1,91.67,91.67,HIGH
102277,27,Male,113301319,Premium,9,10518857,SUV,0,1,Yes,39144,0,Teacher,0,5.0,5.0,LOW
102278,20,Male,58017422,Standard,5,7378252,Hatchback,1,2,No,44476,2,Teacher,0,7.67,7.67,LOW
102279,31,Female,44878589,Basic,7,10473660,Sedan,3,1,No,34872,1,Engineer,1,51.0,51.0,MEDIUM
102280,33,Male,44577390,Basic,4,11790182,SUV,6,1,No,20218,0,Engineer,1,77.67,77.67,HIGH
102281,27,Male,243977228,Standard,2,2226642,Sedan,3,1,No,20007,0,Office Worker,1,81.0,81.0,HIGH
102282,46,Female,232328616,Standard,3,11417586,SUV,4,3,No,23366,4,Student,0,7.33,7.33,LOW
102283,27,Male,56301473,Standard,2,12246155,Hatchback,3,1,No,32827,0,Office Worker,1,65.67,65.67,MEDIUM
102284,29,Male,134544407,Standard,5,1126259,Sedan,3,3,Yes,41208,0,Office Worker,1,70.67,70.67,HIGH
102285,47,Female,197185063,Basic,6,6647061,Hatchback,8,0,Yes,36264,1,Business Owner,1,88.67,88.67,HIGH
102286,58,Male,102832543,Standard,7,5090798,Sedan,14,1,No,34607,1,Student,0,4.67,4.67,LOW
102287,18,Male,111451900,Premium,3,1838628,SUV,5,4,No,30005,2,Business Owner,1,82.67,82.67,HIGH
102288,22,Male,86220767,Basic,4,2409399,Motorcycle,11,1,Yes,46223,1,Teacher,1,86.33,86.33,HIGH
102289,37,Male,71021853,Standard,8,14810845,Motorcycle,2,2,No,34475,1,Engineer,1,77.67,77.67,HIGH
102290,25,Male,181829555,Standard,4,4014445,Pickup,5,1,No,19926,1,Teacher,1,76.33,76.33,HIGH
102291,60,Female,215083824,Standard,7,4332299,Pickup,12,1,No,36683,0,Business Owner,1,82.67,82.67,HIGH
102292,29,Female,171103052,Basic,6,5738012,Hatchback,6,2,No,21185,1,Engineer,1,85.67,85.67,HIGH
102293,18,Female,189406272,Premium,7,8496340,Sedan,6,1,No,14274,0,Office Worker,1,56.33,56.33,MEDIUM
102294,37,Female,49219726,Standard,1,14375562,Pickup,7,0,No,49049,2,Teacher,1,73.0,73.0,HIGH
102295,45,Male,216952107,Standard,3,1124283,SUV,12,1,No,36947,0,Business Owner,1,86.33,86.33,HIGH
102296,60,Male,143384973,Basic,6,5637412,Motorcycle,3,0,Yes,46215,3,Teacher,1,85.33,85.33,HIGH
102297,54,Male,160684984,Basic,3,8020847,Sedan,0,1,No,37839,1,Student,0,5.0,5.0,LOW
102298,64,Male,225129884,Basic,7,11716221,Motorcycle,5,3,No,44766,0,Business Owner,1,84.33,84.33,HIGH
102299,54,Male,113235105,Standard,9,4734073,Sedan,7,1,No,30314,0,Engineer,0,4.0,4.0,LOW
102300,29,Female,207363217,Basic,3,7107921,Pickup,4,2,No,49641,0,Driver,1,79.33,79.33,HIGH
102301,54,Female,38593077,Standard,1,4877995,Pickup,12,0,No,42913,1,Teacher,1,81.0,81.0,HIGH
102302,66,Male,132775942,Standard,10,7505658,Hatchback,2,1,No,45494,2,Teacher,1,79.0,79.0,HIGH
102303,66,Male,46108188,Standard,6,13725210,Sedan,3,2,Yes,33288,3,Student,0,7.0,7.0,LOW
102304,61,Male,167884854,Standard,1,5841700,SUV,7,0,No,28892,0,Engineer,1,66.0,66.0,MEDIUM
102305,45,Female,48711646,Standard,1,8261231,Pickup,5,1,No,28682,0,Teacher,0,5.0,5.0,LOW
102306,64,Male,58319676,Basic,8,3893630,Hatchback,12,2,No,4589,1,Driver,1,86.67,86.67,HIGH
102307,32,Male,200498136,Basic,9,11731787,Pickup,14,1,No,33809,1,Teacher,1,83.33,83.33,HIGH
102308,23,Male,82430565,Standard,2,4001046,Motorcycle,12,2,Yes,21870,1,Student,1,87.33,87.33,HIGH
102309,61,Female,27705421,Standard,9,11332961,Pickup,4,0,Yes,11679,0,Driver,1,80.67,80.67,HIGH
102310,37,Male,219302343,Basic,5,1037117,Sedan,12,3,No,11803,1,Office Worker,0,8.67,8.67,LOW
102311,67,Female,118437274,Standard,8,12664316,Hatchback,15,2,No,45357,2,Office Worker,0,12.0,12.0,LOW
102312,31,Female,181793217,Basic,7,12408229,Sedan,8,0,Yes,42982,2,Teacher,1,74.67,74.67,HIGH
102313,19,Female,71660816,Basic,7,3025558,SUV,9,1,No,46153,0,Business Owner,1,86.0,86.0,HIGH
102314,26,Female,84127140,Basic,4,8320756,SUV,2,1,No,30650,0,Business Owner,1,78.33,78.33,HIGH
102315,54,Female,188836877,Premium,2,4355672,Pickup,6,1,No,12529,0,Business Owner,0,6.67,6.67,LOW
102316,37,Female,166159991,Basic,5,5382653,Hatchback,8,0,No,31998,1,Business Owner,1,80.67,80.67,HIGH
102317,43,Male,154117277,Basic,3,13275075,Hatchback,10,3,No,13392,1,Teacher,1,90.33,90.33,HIGH
102318,46,Male,197424284,Basic,9,4598557,Hatchback,12,1,No,40265,1,Driver,1,79.33,79.33,HIGH
102319,18,Male,155912595,Basic,6,14124573,Hatchback,15,0,Yes,7583,1,Student,1,88.33,88.33,HIGH
102320,52,Female,227689108,Standard,1,13628364,Pickup,10,0,No,29690,0,Student,0,5.33,5.33,LOW
102321,23,Male,178370044,Basic,3,6249534,Sedan,11,1,No,13328,0,Business Owner,1,84.67,84.67,HIGH
102322,54,Female,175598388,Basic,4,1948784,Pickup,3,0,No,24638,1,Office Worker,1,65.33,65.33,MEDIUM
102323,70,Female,47004757,Standard,9,14818701,Sedan,9,4,No,19238,1,Engineer,1,86.33,86.33,HIGH
102324,22,Female,60272994,Basic,6,7414775,Motorcycle,9,1,No,42113,0,Business Owner,1,88.0,88.0,HIGH
102325,50,Male,111142436,Standard,4,6086382,Motorcycle,2,4,No,25955,1,Business Owner,1,87.0,87.0,HIGH
102326,66,Female,58300239,Standard,1,5413319,Sedan,0,1,No,24682,1,Teacher,1,68.33,68.33,MEDIUM
102327,68,Female,199987569,Basic,8,2861591,Pickup,8,1,No,19462,1,Office Worker,0,7.0,7.0,LOW
102328,31,Male,126993081,Standard,2,11210577,SUV,12,1,No,8652,1,Engineer,1,82.0,82.0,HIGH
102329,29,Male,233505983,Basic,8,11055714,Pickup,0,0,No,19761,0,Driver,1,69.67,69.67,MEDIUM
102330,59,Female,213848752,Standard,6,6118168,SUV,1,1,No,33235,0,Driver,1,69.33,69.33,MEDIUM
102331,37,Female,78093290,Standard,8,14161168,Pickup,8,1,Yes,27351,0,Engineer,1,83.67,83.67,HIGH
102332,70,Male,113169744,Basic,6,14242015,Hatchback,4,3,No,14176,1,Engineer,1,84.33,84.33,HIGH
102333,67,Male,140405647,Standard,5,11648983,Hatchback,3,0,No,41709,1,Driver,0,47.0,47.0,MEDIUM
102334,41,Male,53549561,Premium,5,11617350,Motorcycle,8,1,No,36914,1,Business Owner,0,4.67,4.67,LOW
102335,60,Female,222839350,Premium,10,11764556,Motorcycle,8,1,Yes,28639,1,Business Owner,0,8.33,8.33,LOW
102336,51,Male,34080961,Standard,10,6714557,Sedan,1,1,No,5216,2,Teacher,1,49.33,49.33,MEDIUM
102337,42,Male,80296596,Standard,8,2685978,SUV,2,0,No,30415,1,Office Worker,1,71.33,71.33,HIGH
102338,67,Male,178753510,Basic,7,9634223,Hatchback,11,0,No,35657,1,Engineer,1,71.0,71.0,HIGH
102339,46,Female,60882465,Basic,8,10164100,Pickup,15,1,Yes,41217,1,Business Owner,1,93.67,93.67,HIGH
102340,56,Male,169096645,Standard,8,14571427,Sedan,2,1,No,20847,0,Business Owner,0,4.0,4.0,LOW
102341,48,Male,167393304,Standard,7,10801817,Pickup,15,0,No,20900,0,Office Worker,1,71.0,71.0,HIGH
102342,64,Male,66245764,Premium,2,9623145,Hatchback,4,1,No,14242,1,Engineer,0,4.67,4.67,LOW
102343,60,Male,221243091,Standard,9,6416300,Hatchback,12,2,No,34073,0,Office Worker,0,8.0,8.0,LOW
102344,67,Male,32059903,Standard,7,8851801,Hatchback,2,2,Yes,40191,1,Office Worker,1,86.0,86.0,HIGH
102345,40,Female,164658767,Standard,6,5271061,Hatchback,9,0,No,20910,1,Driver,1,71.67,71.67,HIGH
102346,61,Female,31077234,Premium,9,2597259,Pickup,5,1,No,31186,0,Office Worker,0,50.33,50.33,MEDIUM
102347,55,Female,60482788,Standard,1,1133407,Sedan,15,2,No,17978,1,Engineer,1,86.0,86.0,HIGH
102348,37,Male,96906791,Standard,2,2674842,Hatchback,1,2,No,16606,0,Business Owner,1,73.33,73.33,HIGH
102349,40,Female,201973512,Basic,1,6706208,Motorcycle,5,2,No,35031,0,Business Owner,1,78.0,78.0,HIGH
102350,62,Female,212669188,Premium,10,1655860,Sedan,5,4,No,10421,3,Driver,1,70.67,70.67,HIGH
102351,69,Female,237927913,Basic,3,6891709,Motorcycle,1,2,No,5548,0,Engineer,0,6.0,6.0,LOW
102352,33,Male,163018488,Premium,5,12757619,Pickup,5,1,Yes,10252,2,Business Owner,0,12.33,12.33,LOW
102353,67,Male,209276801,Standard,1,13328851,Hatchback,5,1,No,15849,3,Office Worker,1,72.0,72.0,HIGH
102354,59,Female,25975112,Standard,4,9757350,Sedan,5,0,Yes,7608,1,Student,1,77.33,77.33,HIGH
102355,25,Female,196805283,Standard,8,7503784,Hatchback,11,1,Yes,28091,1,Student,1,91.67,91.67,HIGH
102356,67,Male,80745877,Standard,6,9787367,Hatchback,12,1,Yes,49595,1,Student,1,88.33,88.33,HIGH
102357,38,Male,159773567,Basic,1,4132090,Sedan,13,0,No,9745,1,Student,0,7.67,7.67,LOW
102358,18,Female,159831829,Premium,1,13520652,Hatchback,4,1,No,38830,3,Office Worker,0,9.67,9.67,LOW
102359,25,Male,66781921,Standard,3,14290509,Hatchback,6,0,No,41049,1,Business Owner,1,81.67,81.67,HIGH
102360,46,Female,208887286,Basic,10,10795499,SUV,12,2,Yes,40530,2,Driver,1,82.0,82.0,HIGH
102361,49,Male,37234908,Basic,8,14327988,SUV,14,2,No,33222,0,Office Worker,0,11.33,11.33,LOW
102362,55,Female,219816250,Standard,8,1530901,Sedan,11,0,No,12640,1,Business Owner,0,4.33,4.33,LOW
102363,22,Female,46924717,Standard,3,6090769,Sedan,4,1,No,36734,0,Engineer,1,79.67,79.67,HIGH
102364,64,Male,30121632,Standard,7,2246511,Hatchback,10,2,Yes,25078,0,Business Owner,1,83.0,83.0,HIGH
102365,39,Female,181891665,Standard,3,12443804,Motorcycle,0,1,Yes,35875,0,Business Owner,1,77.67,77.67,HIGH
102366,64,Female,176546182,Standard,4,1862634,Sedan,11,0,Yes,26565,0,Business Owner,0,63.33,63.33,MEDIUM
102367,51,Female,215444414,Premium,9,11380943,Hatchback,8,2,No,47054,0,Office Worker,0,10.0,10.0,LOW
102368,18,Male,102578752,Standard,4,2570925,Motorcycle,2,1,No,44582,1,Business Owner,1,82.33,82.33,HIGH
102369,43,Male,78226755,Premium,3,13668578,SUV,1,0,No,3509,2,Business Owner,1,78.67,78.67,HIGH
102370,60,Male,181044369,Basic,5,3643508,Sedan,9,2,No,9815,0,Engineer,1,87.67,87.67,HIGH
102371,27,Female,70112602,Standard,7,1835489,Hatchback,5,0,No,45024,0,Engineer,0,50.0,50.0,MEDIUM
102372,47,Male,125935840,Basic,5,5999682,SUV,7,1,No,45398,0,Student,1,81.0,81.0,HIGH
102373,67,Female,159080795,Standard,4,12161667,Pickup,1,2,No,39639,3,Teacher,1,80.67,80.67,HIGH
102374,35,Female,226861225,Premium,8,5803829,SUV,3,6,Yes,35408,1,Office Worker,1,82.0,82.0,HIGH
102375,34,Male,231603368,Basic,4,12520388,Hatchback,1,0,No,25892,0,Business Owner,0,5.67,5.67,LOW
102376,43,Male,177858851,Basic,2,9656521,Motorcycle,11,3,No,16276,0,Student,1,92.33,92.33,HIGH
102377,25,Female,209000187,Premium,10,4825971,Pickup,11,1,Yes,42932,1,Student,0,5.67,5.67,LOW
102378,64,Female,220545405,Basic,6,8925660,Pickup,8,1,No,6500,1,Office Worker,0,3.33,3.33,LOW
102379,57,Male,219254287,Standard,2,14710687,Pickup,9,2,No,15546,0,Teacher,0,9.33,9.33,LOW
102380,66,Male,218860385,Standard,3,4249950,Sedan,12,1,No,43526,1,Student,1,82.0,82.0,HIGH
102381,29,Male,26120113,Premium,1,11719691,Hatchback,14,0,No,18042,4,Student,0,70.67,70.67,HIGH
102382,44,Female,35201961,Basic,5,13749146,Pickup,1,1,No,41838,1,Office Worker,1,78.67,78.67,HIGH
102383,25,Female,130255383,Basic,9,7773060,SUV,9,0,Yes,41153,1,Driver,1,86.67,86.67,HIGH
102384,42,Female,192322679,Standard,2,3130586,Motorcycle,1,3,Yes,3229,0,Student,1,77.0,77.0,HIGH
102385,63,Female,97202252,Premium,7,6002838,Hatchback,13,4,No,27725,1,Engineer,1,86.0,86.0,HIGH
102386,21,Female,105162231,Standard,5,14653024,SUV,12,2,No,36677,0,Student,1,81.67,81.67,HIGH
102387,50,Male,88146677,Basic,2,4878979,Sedan,4,0,Yes,14720,1,Office Worker,1,80.0,80.0,HIGH
102388,18,Male,148456460,Standard,8,6347519,Pickup,11,0,No,34879,2,Office Worker,1,68.33,68.33,MEDIUM
102389,36,Female,246583472,Premium,6,1443604,SUV,4,0,No,20018,1,Teacher,1,79.33,79.33,HIGH
102390,48,Female,53704996,Premium,4,12847006,Hatchback,11,0,Yes,34118,0,Driver,1,83.0,83.0,HIGH
102391,33,Male,242268518,Premium,4,2203307,SUV,6,1,No,7717,0,Driver,0,53.33,53.33,MEDIUM
102392,31,Male,36047100,Basic,2,11202351,Sedan,0,2,No,21574,1,Teacher,1,59.67,59.67,MEDIUM
102393,70,Male,63199721,Basic,3,7396119,Motorcycle,11,1,No,16235,1,Teacher,1,83.0,83.0,HIGH
102394,65,Male,35531792,Standard,7,11335796,Pickup,1,2,No,8189,2,Engineer,0,50.0,50.0,MEDIUM
102395,22,Female,235220110,Premium,3,8726409,Hatchback,10,2,Yes,24323,0,Engineer,1,88.33,88.33,HIGH
102396,58,Male,124572369,Basic,5,1023088,Pickup,15,2,No,26465,0,Student,1,86.0,86.0,HIGH
102397,43,Female,225092853,Basic,10,6311344,Pickup,10,1,No,39242,1,Driver,1,81.0,81.0,HIGH
102398,45,Male,67566130,Standard,6,2940929,Pickup,5,1,No,14972,0,Engineer,0,41.67,41.67,MEDIUM
102399,19,Male,161247069,Basic,6,10235038,SUV,1,2,Yes,42962,2,Student,0,72.67,72.67,HIGH
102400,67,Male,145457977,Standard,4,2875390,SUV,15,1,No,4865,0,Business Owner,1,59.33,59.33,MEDIUM
102401,23,Female,175180705,Standard,6,8630360,Motorcycle,3,1,No,36066,1,Student,1,77.67,77.67,HIGH
102402,26,Female,124787577,Standard,3,7442627,Sedan,9,3,No,39493,0,Engineer,1,73.67,73.67,HIGH
102403,50,Male,186910467,Standard,7,8278770,Hatchback,15,1,No,30967,1,Student,1,76.67,76.67,HIGH
102404,58,Female,245505922,Standard,7,9085898,SUV,5,2,No,7540,0,Business Owner,0,63.67,63.67,MEDIUM
102405,42,Female,221417783,Standard,4,6989520,Pickup,12,2,Yes,30773,2,Engineer,1,87.0,87.0,HIGH
102406,65,Male,60324049,Standard,2,6280619,Sedan,11,2,No,46065,1,Student,1,86.67,86.67,HIGH
102407,30,Male,237153961,Standard,7,13448705,Hatchback,6,3,No,15464,2,Engineer,1,87.0,87.0,HIGH
102408,26,Female,44625255,Standard,3,10576645,Hatchback,9,0,Yes,40582,0,Teacher,1,81.67,81.67,HIGH
102409,70,Female,151466629,Basic,1,5211656,Hatchback,4,1,Yes,16596,3,Teacher,1,81.0,81.0,HIGH
102410,30,Female,164587065,Basic,2,13709700,Hatchback,7,2,Yes,34385,2,Student,1,92.67,92.67,HIGH
102411,48,Male,189905152,Basic,10,13997276,Motorcycle,5,2,Yes,18386,4,Office Worker,1,89.67,89.67,HIGH
102412,58,Male,74402947,Basic,9,13090452,Hatchback,4,1,No,22906,3,Engineer,1,76.67,76.67,HIGH
102413,28,Female,126543728,Standard,8,7883784,Sedan,3,3,Yes,23802,0,Engineer,1,82.67,82.67,HIGH
102414,21,Male,218404979,Premium,6,6170428,SUV,5,1,No,9818,1,Teacher,1,81.0,81.0,HIGH
102415,51,Male,241562545,Standard,6,13556150,Sedan,5,3,No,43930,2,Teacher,1,81.0,81.0,HIGH
102416,55,Female,174752170,Standard,1,8434462,Pickup,5,2,No,41257,2,Engineer,0,48.33,48.33,MEDIUM
102417,63,Female,98336604,Standard,2,4897619,Motorcycle,15,3,No,41853,1,Engineer,1,86.0,86.0,HIGH
102418,21,Male,106054612,Standard,4,11936090,Motorcycle,0,1,No,12037,3,Teacher,1,74.67,74.67,HIGH
102419,55,Male,173867545,Standard,3,8249671,Pickup,5,1,No,7185,0,Student,1,41.67,41.67,MEDIUM
102420,36,Female,167075725,Basic,1,14223157,Sedan,0,0,Yes,39994,1,Driver,1,79.67,79.67,HIGH
102421,23,Male,223691336,Basic,8,5736340,Sedan,4,1,No,27480,0,Student,1,86.0,86.0,HIGH
102422,51,Male,54988602,Standard,7,13698070,Pickup,6,1,No,10692,0,Business Owner,1,45.67,45.67,MEDIUM
102423,35,Female,82472430,Premium,4,10656773,Hatchback,0,1,Yes,22999,0,Office Worker,0,5.33,5.33,LOW
102424,30,Female,147324811,Basic,9,6439234,Hatchback,12,2,No,9805,2,Student,1,81.67,81.67,HIGH
102425,58,Male,96048489,Basic,4,8007176,SUV,0,3,No,6157,1,Student,1,84.33,84.33,HIGH
102426,40,Male,227956210,Standard,1,6515270,Sedan,12,4,Yes,37873,0,Engineer,1,78.0,78.0,HIGH
102427,36,Male,52355826,Basic,10,7350851,Sedan,12,1,No,40944,1,Business Owner,1,89.33,89.33,HIGH
102428,62,Female,103490821,Premium,1,13222182,Pickup,15,1,No,36761,0,Engineer,1,82.33,82.33,HIGH
102429,28,Male,131646655,Standard,1,12957892,Pickup,14,0,No,16705,1,Teacher,1,81.0,81.0,HIGH
102430,18,Male,150135379,Premium,1,6196682,Hatchback,5,0,No,22480,0,Engineer,1,83.0,83.0,HIGH
102431,41,Female,89526295,Standard,4,14943932,Sedan,14,0,No,35957,0,Driver,1,70.67,70.67,HIGH
102432,24,Female,51408346,Standard,1,8736334,Sedan,6,1,Yes,34678,2,Office Worker,1,65.0,65.0,MEDIUM
102433,42,Male,27568101,Standard,2,13805055,Motorcycle,5,0,No,29699,2,Driver,1,72.0,72.0,HIGH
102434,38,Female,84686581,Standard,4,3883553,SUV,4,1,No,29994,0,Engineer,1,46.0,46.0,MEDIUM
102435,32,Female,76629424,Standard,7,12287052,SUV,5,1,No,32570,0,Office Worker,0,5.0,5.0,LOW
102436,18,Male,222857815,Basic,2,5594927,Hatchback,12,0,Yes,22282,0,Student,1,89.0,89.0,HIGH
102437,29,Female,186424767,Standard,8,4170663,Sedan,13,0,Yes,15793,1,Business Owner,1,88.67,88.67,HIGH
102438,24,Female,49423854,Standard,7,11985989,Motorcycle,15,2,No,29542,0,Driver,1,88.33,88.33,HIGH
102439,32,Male,202644470,Premium,9,12059127,Sedan,2,1,No,48238,2,Business Owner,0,8.33,8.33,LOW
102440,38,Female,181442427,Standard,6,9422719,Pickup,8,2,No,23633,1,Engineer,0,6.33,6.33,LOW
102441,36,Male,207084194,Standard,4,12328742,Hatchback,14,2,No,42814,1,Office Worker,1,88.67,88.67,HIGH
102442,46,Male,243067517,Basic,6,11692529,SUV,4,1,No,18637,0,Teacher,1,58.33,58.33,MEDIUM
102443,42,Female,33018205,Standard,4,5676637,Sedan,1,4,Yes,22795,1,Student,1,87.0,87.0,HIGH
102444,50,Female,29928476,Standard,7,2539605,Hatchback,13,1,Yes,31522,1,Office Worker,1,89.0,89.0,HIGH
102445,66,Female,28886613,Premium,9,3315160,SUV,13,3,No,12238,3,Teacher,1,88.33,88.33,HIGH
102446,49,Male,196782602,Premium,3,9203419,Sedan,11,2,No,30149,2,Business Owner,1,85.0,85.0,HIGH
102447,66,Female,155133203,Basic,3,9429173,Motorcycle,9,0,No,46886,2,Business Owner,0,6.0,6.0,LOW
102448,52,Male,239361586,Premium,2,8359315,Hatchback,9,0,No,29534,0,Student,1,45.67,45.67,MEDIUM
102449,61,Female,100831720,Basic,1,9192934,Sedan,15,4,No,12256,1,Teacher,1,91.0,91.0,HIGH
102450,55,Female,184091241,Standard,1,2279938,SUV,6,2,Yes,3517,2,Teacher,1,86.33,86.33,HIGH
102451,43,Female,215270049,Standard,3,1611204,SUV,2,1,Yes,15425,1,Student,0,7.67,7.67,LOW
102452,28,Male,143101952,Basic,7,6322432,Motorcycle,0,1,No,24602,3,Office Worker,1,85.0,85.0,HIGH
102453,52,Female,93302366,Standard,9,2038734,Hatchback,2,0,No,17676,1,Driver,1,65.67,65.67,MEDIUM
102454,25,Female,140203229,Basic,2,13621145,Hatchback,8,3,Yes,24819,0,Office Worker,1,86.67,86.67,HIGH
102455,63,Male,116908497,Basic,7,6764290,Sedan,4,2,Yes,13781,0,Business Owner,1,82.33,82.33,HIGH
102456,31,Male,229656374,Standard,1,5479143,SUV,6,1,No,21656,0,Office Worker,1,79.0,79.0,HIGH
102457,27,Female,231442768,Standard,2,10396600,SUV,2,2,Yes,38076,1,Engineer,1,82.0,82.0,HIGH
102458,19,Female,34143589,Premium,6,11087912,Motorcycle,3,0,No,28678,0,Office Worker,1,77.33,77.33,HIGH
102459,63,Female,58935757,Standard,5,13756718,Motorcycle,0,0,Yes,7792,0,Office Worker,1,77.33,77.33,HIGH
102460,26,Male,235528726,Standard,8,9732009,Hatchback,2,1,No,14955,1,Teacher,1,79.33,79.33,HIGH
102461,20,Male,193735704,Standard,2,12273697,SUV,6,0,No,48528,0,Engineer,1,57.33,57.33,MEDIUM
102462,38,Male,161643790,Basic,1,11360051,Sedan,3,0,Yes,11268,1,Business Owner,1,60.67,60.67,MEDIUM
102463,43,Male,167427245,Basic,7,11791518,Pickup,14,0,No,21693,0,Student,0,56.33,56.33,MEDIUM
102464,25,Female,200267255,Standard,6,12535346,Sedan,1,1,No,43676,0,Office Worker,0,6.67,6.67,LOW
102465,65,Male,155707394,Standard,8,9632908,Motorcycle,13,2,No,28601,2,Driver,1,87.67,87.67,HIGH
102466,19,Male,67548791,Standard,8,13039338,Sedan,4,3,No,29640,1,Teacher,1,71.33,71.33,HIGH
102467,23,Male,169344950,Standard,2,8994880,SUV,15,1,No,7439,1,Teacher,1,89.0,89.0,HIGH
102468,45,Female,84193912,Standard,8,5345237,Hatchback,14,0,No,16227,0,Student,1,83.0,83.0,HIGH
102469,70,Female,59512811,Basic,6,4563069,Pickup,4,0,No,46701,1,Driver,1,49.0,49.0,MEDIUM
102470,46,Male,114155041,Basic,9,14362382,Hatchback,14,1,No,32517,4,Office Worker,1,83.0,83.0,HIGH
102471,43,Male,172873570,Premium,7,10053337,Pickup,1,2,No,32702,2,Driver,1,79.0,79.0,HIGH
102472,42,Female,71754929,Standard,2,14264943,Pickup,14,1,No,9389,2,Teacher,0,9.67,9.67,LOW
102473,29,Female,36290492,Premium,8,8404544,SUV,14,2,Yes,31575,0,Student,1,80.0,80.0,HIGH
102474,22,Female,208565184,Basic,9,14729514,SUV,10,2,Yes,47188,4,Driver,0,8.67,8.67,LOW
102475,51,Female,62581619,Premium,7,10512840,Motorcycle,5,1,Yes,48229,1,Driver,1,88.33,88.33,HIGH
102476,65,Female,248992660,Basic,4,11178303,Motorcycle,9,2,No,22942,3,Student,1,89.0,89.0,HIGH
102477,54,Female,216688156,Basic,9,11845590,Pickup,3,0,No,27392,3,Student,0,5.67,5.67,LOW
102478,32,Female,90955748,Premium,4,4320938,Motorcycle,13,2,No,20229,0,Student,1,86.67,86.67,HIGH
102479,61,Female,226333056,Basic,4,12471353,SUV,0,1,Yes,28268,1,Teacher,1,65.67,65.67,MEDIUM
102480,53,Male,102086898,Standard,9,7569089,Motorcycle,2,1,Yes,15240,1,Student,0,64.33,64.33,MEDIUM
102481,32,Male,192617408,Basic,8,3156941,Pickup,13,0,No,34000,2,Engineer,1,69.67,69.67,MEDIUM
102482,60,Male,241382228,Standard,4,4739941,Hatchback,8,1,No,4332,2,Office Worker,0,54.67,54.67,MEDIUM
102483,65,Male,227487732,Premium,8,8651879,Sedan,9,2,Yes,14229,0,Teacher,1,91.33,91.33,HIGH
102484,40,Male,85139023,Basic,8,10917886,Motorcycle,6,2,No,48292,3,Student,0,9.0,9.0,LOW
102485,23,Male,213162539,Standard,7,12610961,SUV,12,2,No,9300,1,Business Owner,1,92.67,92.67,HIGH
102486,63,Female,36042682,Basic,10,9053620,Hatchback,5,3,No,20658,0,Driver,1,84.0,84.0,HIGH
102487,67,Female,202995836,Standard,6,7813020,SUV,13,0,No,42934,2,Student,1,80.0,80.0,HIGH
102488,61,Male,219782261,Basic,8,9557770,Motorcycle,0,1,No,28820,2,Student,1,57.0,57.0,MEDIUM
102489,60,Male,81817319,Basic,7,10990277,Pickup,15,2,No,3337,0,Office Worker,1,87.67,87.67,HIGH
102490,62,Female,131453529,Basic,5,8959298,Sedan,8,0,Yes,39062,1,Student,1,82.67,82.67,HIGH
102491,38,Female,75596687,Basic,4,13978683,Sedan,12,1,No,32906,0,Teacher,1,86.33,86.33,HIGH
102492,40,Female,108505216,Premium,2,13108865,Hatchback,8,3,No,16445,0,Engineer,1,76.0,76.0,HIGH
102493,60,Male,127739555,Standard,8,12481567,Sedan,0,2,No,4867,2,Business Owner,1,55.33,55.33,MEDIUM
102494,33,Female,35589887,Basic,9,8467870,Pickup,13,1,No,31581,0,Business Owner,1,91.67,91.67,HIGH
102495,64,Male,171897066,Standard,4,12076042,SUV,12,1,Yes,26298,1,Student,1,92.33,92.33,HIGH
102496,70,Male,86766928,Basic,4,3473301,Pickup,12,2,No,3494,2,Office Worker,1,86.33,86.33,HIGH
102497,32,Female,55601080,Standard,5,3899650,Hatchback,14,1,No,7642,0,Teacher,1,82.0,82.0,HIGH
102498,42,Female,81656406,Premium,2,12145841,Hatchback,5,4,No,39654,1,Teacher,1,82.0,82.0,HIGH
102499,53,Male,210945478,Standard,7,11301598,Sedan,6,0,No,11352,2,Student,1,47.0,47.0,MEDIUM
102500,28,Female,75335659,Premium,5,3889888,Pickup,1,0,No,5036,0,Driver,0,6.67,6.67,LOW
102501,68,Female,211514100,Standard,6,12777277,SUV,15,0,Yes,17722,1,Teacher,0,8.67,8.67,LOW
102502,32,Male,171820422,Basic,4,13101591,Pickup,15,1,No,19186,1,Teacher,1,83.33,83.33,HIGH
102503,21,Female,40927403,Standard,8,14338496,SUV,9,2,Yes,45467,0,Teacher,1,83.67,83.67,HIGH
102504,38,Male,192368526,Standard,8,5535211,SUV,7,1,Yes,24467,1,Business Owner,1,92.33,92.33,HIGH
102505,30,Male,39671009,Standard,5,4972622,Pickup,7,0,Yes,28951,1,Teacher,1,82.33,82.33,HIGH
102506,39,Female,33821549,Premium,6,9246820,Motorcycle,5,1,Yes,5281,1,Driver,1,86.67,86.67,HIGH
102507,36,Male,89496620,Standard,3,8936154,Pickup,8,1,No,33695,1,Engineer,1,70.0,70.0,HIGH
102508,51,Male,103686659,Premium,1,9362469,SUV,2,1,No,45828,1,Business Owner,1,70.67,70.67,HIGH
102509,31,Female,44485901,Standard,9,3470319,Hatchback,1,2,Yes,4601,3,Business Owner,1,86.33,86.33,HIGH
102510,21,Female,216363661,Standard,9,5836363,Hatchback,1,3,No,47787,2,Engineer,1,84.0,84.0,HIGH
102511,65,Female,59157583,Standard,3,11488349,Sedan,5,2,Yes,47440,1,Driver,1,83.67,83.67,HIGH
102512,70,Male,174807430,Basic,4,11872927,Hatchback,6,1,No,4299,2,Student,1,76.0,76.0,HIGH
102513,69,Male,152652447,Premium,7,8770326,Motorcycle,5,0,No,17794,3,Office Worker,1,74.67,74.67,HIGH
102514,63,Female,41091794,Standard,2,7346374,SUV,10,2,No,33148,0,Driver,1,82.33,82.33,HIGH
102515,44,Male,82704449,Basic,3,11368289,Pickup,2,2,Yes,32713,0,Engineer,1,86.33,86.33,HIGH
102516,46,Female,207821897,Basic,6,9396319,Pickup,15,2,No,19026,1,Teacher,1,69.33,69.33,MEDIUM
102517,64,Female,54092273,Standard,8,10655156,Motorcycle,4,1,Yes,34097,1,Teacher,1,88.67,88.67,HIGH
102518,45,Male,66665616,Basic,1,5515878,Hatchback,7,2,No,21430,0,Engineer,1,80.0,80.0,HIGH
102519,52,Female,39367204,Basic,4,3815839,SUV,5,2,No,38649,1,Teacher,1,57.0,57.0,MEDIUM
102520,25,Male,99394251,Standard,1,14861802,Hatchback,1,1,No,24858,0,Engineer,0,8.33,8.33,LOW
102521,33,Male,224460677,Basic,2,1750506,Sedan,14,3,No,21582,1,Business Owner,1,85.33,85.33,HIGH
102522,59,Female,152669397,Standard,8,3986189,Hatchback,15,2,No,6332,1,Student,1,84.33,84.33,HIGH
102523,53,Male,248206175,Basic,6,5453293,Sedan,6,2,No,36871,1,Business Owner,1,89.0,89.0,HIGH
102524,47,Female,180495272,Basic,9,8671711,Pickup,15,4,No,6177,1,Business Owner,1,93.33,93.33,HIGH
102525,35,Male,113194387,Standard,2,1873002,SUV,7,1,Yes,31170,1,Business Owner,1,89.0,89.0,HIGH
102526,19,Male,189765824,Standard,3,7412771,Sedan,3,3,No,47434,4,Engineer,1,88.0,88.0,HIGH
102527,66,Male,157170165,Basic,9,6147984,Hatchback,11,3,Yes,33603,2,Driver,1,87.67,87.67,HIGH
102528,30,Female,227058228,Basic,9,12908591,Hatchback,15,5,Yes,37945,1,Office Worker,0,84.67,84.67,HIGH
102529,21,Male,138806393,Standard,6,13886786,Pickup,0,0,Yes,23885,0,Office Worker,0,5.33,5.33,LOW
102530,43,Female,132144389,Basic,3,6911625,Motorcycle,1,1,No,41809,2,Student,0,50.33,50.33,MEDIUM
102531,42,Male,210235666,Basic,5,12671358,Motorcycle,15,0,No,32728,0,Student,0,7.33,7.33,LOW
102532,47,Male,35149777,Basic,2,2805166,Hatchback,3,1,Yes,11727,2,Engineer,1,66.0,66.0,MEDIUM
102533,28,Female,166771653,Premium,7,2253159,Motorcycle,6,1,No,17532,2,Office Worker,1,74.33,74.33,HIGH
102534,24,Female,190427244,Standard,10,8261969,SUV,1,3,No,42828,2,Driver,1,81.67,81.67,HIGH
102535,48,Female,195988822,Standard,8,9280934,Motorcycle,5,2,No,28645,0,Engineer,1,72.33,72.33,HIGH
102536,61,Female,82203222,Standard,6,4039933,SUV,1,1,No,48329,0,Student,1,72.67,72.67,HIGH
102537,27,Female,128028121,Standard,8,14265033,Hatchback,11,0,No,27708,0,Engineer,0,5.0,5.0,LOW
102538,56,Male,121197068,Standard,2,1195507,Hatchback,6,2,No,19647,1,Student,1,80.67,80.67,HIGH
102539,30,Male,102951366,Standard,3,9289069,Hatchback,1,1,Yes,18956,1,Office Worker,1,42.33,42.33,MEDIUM
102540,48,Female,71894926,Basic,7,9854326,Pickup,2,1,No,42736,1,Engineer,0,6.67,6.67,LOW
102541,24,Male,94289003,Standard,10,6350317,Motorcycle,8,2,No,21436,1,Business Owner,1,85.0,85.0,HIGH
102542,66,Male,162936922,Standard,1,10563978,Sedan,12,2,Yes,40714,0,Teacher,1,79.33,79.33,HIGH
102543,59,Male,196055897,Standard,7,9722875,Sedan,14,4,Yes,18068,0,Student,1,91.67,91.67,HIGH
102544,59,Female,227759264,Standard,6,12969305,Hatchback,3,0,No,25209,0,Business Owner,0,5.0,5.0,LOW
102545,53,Male,210113550,Basic,8,8305626,Motorcycle,13,1,Yes,16732,0,Student,1,94.67,94.67,HIGH
102546,37,Male,76954211,Standard,7,9340133,SUV,4,3,Yes,25428,1,Business Owner,1,85.0,85.0,HIGH
102547,21,Male,198630006,Standard,4,3971413,Sedan,8,2,No,7089,3,Office Worker,1,71.0,71.0,HIGH
102548,24,Female,98949887,Premium,3,14239833,Hatchback,6,1,No,33788,1,Office Worker,1,76.33,76.33,HIGH
102549,18,Male,69150968,Basic,3,7344661,Sedan,7,0,No,30423,0,Driver,0,7.33,7.33,LOW
102550,61,Male,104268932,Standard,4,1106948,Sedan,14,1,No,36125,1,Driver,1,71.0,71.0,HIGH
102551,62,Female,94574460,Standard,9,6564834,Sedan,10,2,No,16999,0,Driver,1,84.67,84.67,HIGH
102552,59,Female,40842433,Premium,9,3472385,Hatchback,2,4,No,41273,1,Engineer,1,76.67,76.67,HIGH
102553,64,Male,83050102,Standard,2,2637346,Hatchback,10,1,Yes,11942,0,Student,1,87.0,87.0,HIGH
102554,30,Male,96513977,Standard,5,10768520,Pickup,10,1,Yes,18840,1,Engineer,1,89.67,89.67,HIGH
102555,39,Female,223352480,Standard,1,10000050,Pickup,3,3,No,6250,0,Driver,1,84.67,84.67,HIGH
102556,38,Female,59968399,Standard,4,4756082,Pickup,6,1,No,5258,0,Student,1,78.0,78.0,HIGH
102557,39,Female,212937366,Premium,2,3315632,Sedan,3,0,No,44870,1,Engineer,0,42.67,42.67,MEDIUM
102558,45,Female,53417654,Basic,8,12001745,Motorcycle,1,0,No,36351,1,Office Worker,1,67.0,67.0,MEDIUM
102559,26,Female,197838607,Basic,4,11120874,Hatchback,13,1,Yes,22822,0,Student,1,93.33,93.33,HIGH
102560,43,Female,133381517,Premium,5,13711426,Pickup,9,1,No,17501,0,Driver,0,4.33,4.33,LOW
102561,26,Female,199628764,Standard,4,3916561,Motorcycle,5,2,No,13768,1,Office Worker,0,7.0,7.0,LOW
102562,32,Male,154240217,Standard,5,13587895,Pickup,8,0,No,28728,2,Student,1,81.0,81.0,HIGH
102563,27,Female,102180450,Standard,5,1695269,Pickup,15,0,No,21167,1,Engineer,1,69.0,69.0,MEDIUM
102564,41,Female,36462734,Basic,5,2025926,Motorcycle,1,2,No,23916,1,Teacher,0,4.0,4.0,LOW
102565,59,Male,40317570,Standard,3,12729888,Pickup,0,1,No,8117,0,Teacher,0,6.67,6.67,LOW
102566,25,Female,44396438,Standard,7,13211025,Sedan,7,0,No,43706,0,Driver,0,7.0,7.0,LOW
102567,41,Female,60490204,Basic,3,8986988,Sedan,0,2,Yes,13333,3,Engineer,0,9.33,9.33,LOW
102568,33,Male,115284577,Basic,2,5362110,Sedan,0,3,Yes,35302,1,Office Worker,1,76.67,76.67,HIGH
102569,66,Female,79900320,Premium,3,3826866,SUV,2,1,Yes,17922,3,Office Worker,0,4.33,4.33,LOW
102570,43,Male,27422952,Basic,3,4384754,Pickup,4,0,Yes,42514,1,Office Worker,1,74.33,74.33,HIGH
102571,44,Male,158614248,Premium,8,1641800,SUV,12,0,No,21517,0,Student,1,62.33,62.33,MEDIUM
102572,54,Male,208168662,Basic,4,9455394,Hatchback,11,1,No,28317,1,Driver,1,78.33,78.33,HIGH
102573,21,Male,78553666,Standard,3,11752662,Motorcycle,8,1,No,9120,0,Teacher,1,79.33,79.33,HIGH
102574,67,Female,82728313,Premium,10,2413387,Hatchback,10,1,No,5477,1,Office Worker,1,74.0,74.0,HIGH
102575,41,Male,26861663,Standard,5,6703795,SUV,9,2,No,24342,0,Engineer,1,86.33,86.33,HIGH
102576,36,Male,63918430,Standard,4,8972439,Sedan,1,1,Yes,9137,0,Driver,1,49.67,49.67,MEDIUM
102577,53,Female,235766890,Standard,9,8702333,Pickup,11,1,No,38644,1,Teacher,1,61.33,61.33,MEDIUM
102578,56,Male,53075910,Basic,8,5276977,Pickup,11,2,No,35810,2,Engineer,1,91.67,91.67,HIGH
102579,27,Male,58604200,Basic,7,3250056,Sedan,0,2,No,41597,0,Engineer,1,77.33,77.33,HIGH
102580,42,Male,120730688,Premium,8,14502284,Pickup,15,0,No,11595,1,Office Worker,0,53.0,53.0,MEDIUM
102581,35,Male,30167373,Standard,5,11744871,Motorcycle,0,3,Yes,28902,2,Driver,1,86.67,86.67,HIGH
102582,36,Female,224312563,Standard,4,5833461,Motorcycle,7,1,No,49261,0,Business Owner,1,80.33,80.33,HIGH
102583,53,Male,70721311,Standard,7,12978217,Motorcycle,9,0,No,46176,1,Student,1,73.33,73.33,HIGH
102584,27,Female,245367365,Basic,1,2293520,Hatchback,9,1,No,25730,1,Business Owner,1,78.67,78.67,HIGH
102585,50,Female,211649702,Basic,6,3532230,Sedan,9,1,No,42617,3,Student,1,86.0,86.0,HIGH
102586,67,Male,125960838,Standard,8,13864784,Motorcycle,1,1,No,9686,1,Driver,1,59.33,59.33,MEDIUM
102587,22,Male,77857945,Standard,7,5035702,SUV,12,2,Yes,46109,3,Teacher,1,81.67,81.67,HIGH
102588,64,Male,170887457,Standard,2,13414333,Motorcycle,8,2,Yes,32113,1,Office Worker,1,86.0,86.0,HIGH
102589,66,Male,30628573,Premium,7,1433073,Hatchback,8,4,No,34926,1,Driver,1,89.33,89.33,HIGH
102590,52,Female,33091363,Basic,6,10858583,SUV,1,3,Yes,18661,0,Business Owner,1,91.0,91.0,HIGH
102591,61,Female,248064980,Standard,5,1481537,Sedan,2,3,No,37654,0,Engineer,1,66.33,66.33,MEDIUM
102592,51,Female,55595197,Basic,4,13318178,Sedan,1,0,Yes,4303,0,Student,1,74.67,74.67,HIGH
102593,50,Male,56218896,Standard,1,14232219,Motorcycle,5,2,No,20496,0,Student,1,59.0,59.0,MEDIUM
102594,38,Female,244032672,Basic,2,11475474,SUV,14,1,No,25424,0,Business Owner,0,69.67,69.67,MEDIUM
102595,34,Male,64462985,Premium,7,13978292,SUV,6,1,Yes,10452,0,Office Worker,1,81.33,81.33,HIGH
102596,39,Male,154891954,Basic,10,12917769,Motorcycle,11,1,No,29474,0,Driver,1,70.33,70.33,HIGH
102597,65,Male,239676670,Premium,3,11971700,Motorcycle,5,0,No,41886,1,Business Owner,0,4.0,4.0,LOW
102598,54,Male,165726254,Standard,5,11205997,Pickup,2,0,No,34873,2,Driver,1,50.0,50.0,MEDIUM
102599,32,Male,239308521,Premium,8,6916645,Pickup,11,2,No,44207,0,Office Worker,0,67.33,67.33,MEDIUM
102600,52,Female,33140594,Standard,8,10964293,Motorcycle,14,0,Yes,47220,0,Engineer,1,90.33,90.33,HIGH
102601,45,Female,101429247,Premium,6,13900146,Hatchback,2,0,No,17426,1,Driver,1,72.67,72.67,HIGH
102602,24,Male,190122103,Basic,5,2464308,Pickup,11,2,No,36335,0,Office Worker,1,80.67,80.67,HIGH
102603,49,Female,128129807,Standard,2,2976553,Motorcycle,1,0,No,33541,0,Business Owner,1,71.67,71.67,HIGH
102604,28,Male,61850216,Premium,9,7075766,SUV,15,2,No,12380,1,Teacher,1,72.67,72.67,HIGH
102605,27,Male,137023583,Basic,1,10610786,Pickup,1,3,Yes,37121,1,Engineer,1,71.33,71.33,HIGH
102606,26,Male,239756878,Basic,2,14735761,Hatchback,10,2,Yes,14804,0,Engineer,1,92.67,92.67,HIGH
102607,31,Female,64989821,Standard,1,13576692,Sedan,11,1,No,28556,0,Engineer,1,78.33,78.33,HIGH
102608,30,Male,74382042,Premium,4,13529554,SUV,4,1,No,7965,1,Student,1,79.67,79.67,HIGH
102609,42,Male,133085531,Standard,4,7547652,Hatchback,10,0,No,3168,0,Teacher,1,81.33,81.33,HIGH
102610,19,Female,96243472,Standard,5,7133784,Hatchback,15,1,Yes,47124,0,Office Worker,1,92.33,92.33,HIGH
102611,52,Female,49309567,Basic,5,1223626,Hatchback,10,0,Yes,5671,0,Driver,1,67.0,67.0,MEDIUM
102612,24,Female,160466477,Basic,8,9340169,SUV,7,1,Yes,19762,1,Business Owner,1,90.0,90.0,HIGH
102613,38,Male,170205434,Premium,3,7502160,Hatchback,5,1,No,32904,1,Engineer,0,5.0,5.0,LOW
102614,35,Male,243780145,Basic,6,3333731,Sedan,8,1,No,4932,1,Engineer,1,78.67,78.67,HIGH
102615,20,Female,175390201,Standard,3,13520921,Pickup,10,1,No,17213,1,Engineer,1,59.67,59.67,MEDIUM
102616,59,Male,38849214,Premium,2,14525214,SUV,4,0,Yes,35961,0,Office Worker,1,85.33,85.33,HIGH
102617,56,Female,228423011,Basic,8,11879839,Hatchback,9,2,Yes,27839,2,Business Owner,1,89.33,89.33,HIGH
102618,58,Female,99274929,Standard,1,3637588,Motorcycle,3,0,No,32942,0,Office Worker,1,80.0,80.0,HIGH
102619,66,Male,62297350,Basic,9,7378001,Pickup,8,1,No,33325,0,Business Owner,1,81.67,81.67,HIGH
102620,28,Male,188670028,Standard,7,2103035,SUV,11,2,No,29047,1,Driver,1,78.0,78.0,HIGH
102621,56,Female,155694414,Basic,10,8030161,Motorcycle,9,2,No,13207,1,Student,1,80.0,80.0,HIGH
102622,41,Female,75875992,Standard,4,13404992,Motorcycle,10,1,No,33435,2,Business Owner,0,8.33,8.33,LOW
102623,63,Female,185487867,Basic,3,2565831,Hatchback,13,2,Yes,7616,0,Teacher,1,79.67,79.67,HIGH
102624,36,Female,133871445,Standard,6,7692801,SUV,4,0,Yes,40782,6,Office Worker,1,65.67,65.67,MEDIUM
102625,21,Male,66991679,Standard,9,5286258,Hatchback,0,0,No,10878,1,Office Worker,0,5.67,5.67,LOW
102626,43,Female,35938814,Basic,9,1944545,Sedan,4,0,No,17814,2,Office Worker,1,74.33,74.33,HIGH
102627,55,Female,82062361,Standard,4,5807971,Motorcycle,15,0,No,20684,1,Student,1,80.67,80.67,HIGH
102628,59,Female,40467488,Basic,10,9671805,Sedan,14,1,No,38968,0,Business Owner,1,91.0,91.0,HIGH
102629,49,Male,201757450,Standard,5,1882816,Hatchback,4,1,No,6373,0,Business Owner,1,42.33,42.33,MEDIUM
102630,56,Male,187294296,Basic,9,1496626,Pickup,4,0,Yes,28149,0,Business Owner,0,5.67,5.67,LOW
102631,62,Female,228206756,Standard,2,4314004,Motorcycle,12,0,No,45497,2,Business Owner,0,6.33,6.33,LOW
102632,63,Male,230703343,Basic,2,11134784,Pickup,1,0,No,37151,0,Engineer,1,27.0,27.0,LOW
102633,53,Male,130532532,Standard,5,5426719,SUV,12,0,No,18178,2,Engineer,0,10.0,10.0,LOW
102634,57,Male,75711717,Basic,1,8204563,Motorcycle,5,2,No,28956,0,Teacher,0,6.33,6.33,LOW
102635,54,Female,87918696,Standard,8,1454318,Sedan,4,1,No,43692,1,Office Worker,0,6.33,6.33,LOW
102636,50,Female,102656492,Basic,5,12673699,Pickup,1,2,Yes,47119,0,Engineer,1,85.67,85.67,HIGH
102637,53,Male,220379543,Premium,10,9103974,SUV,15,1,No,29099,2,Business Owner,1,80.67,80.67,HIGH
102638,20,Female,120190439,Premium,2,1278429,Motorcycle,11,3,No,7991,1,Business Owner,1,87.33,87.33,HIGH
102639,26,Female,108997037,Basic,9,5518037,SUV,9,3,No,8202,1,Engineer,1,71.67,71.67,HIGH
102640,25,Male,231060663,Standard,2,10013937,Sedan,14,1,Yes,23316,0,Driver,1,85.0,85.0,HIGH
102641,50,Male,213863072,Basic,7,11312492,Motorcycle,14,1,Yes,32695,0,Teacher,1,87.67,87.67,HIGH
102642,23,Female,142078672,Standard,8,8173449,SUV,13,2,Yes,6622,0,Office Worker,1,90.67,90.67,HIGH
102643,58,Male,214403863,Standard,6,2627255,Hatchback,7,1,No,44855,3,Student,1,91.67,91.67,HIGH
102644,56,Female,178872612,Standard,7,13584519,Motorcycle,5,1,No,4610,1,Teacher,1,78.0,78.0,HIGH
102645,21,Female,181439352,Standard,1,6503194,Motorcycle,10,0,Yes,44572,2,Office Worker,1,85.33,85.33,HIGH
102646,30,Male,50971841,Basic,4,12537289,Motorcycle,9,1,No,19988,0,Office Worker,1,84.0,84.0,HIGH
102647,66,Female,120655263,Standard,7,6969709,Motorcycle,11,4,No,33326,1,Office Worker,1,88.33,88.33,HIGH
102648,19,Female,224115640,Basic,1,10383034,Hatchback,10,1,No,3620,1,Teacher,1,68.33,68.33,MEDIUM
102649,22,Male,155304835,Standard,1,12333875,Sedan,2,3,Yes,18335,1,Teacher,1,79.33,79.33,HIGH
102650,61,Male,244299152,Standard,6,6749621,Hatchback,8,3,Yes,5602,2,Engineer,1,90.33,90.33,HIGH
102651,44,Male,235400528,Standard,4,13259914,Hatchback,12,1,Yes,29759,0,Office Worker,1,87.0,87.0,HIGH
102652,49,Female,182601908,Basic,3,4127813,SUV,10,2,No,23184,0,Business Owner,0,78.33,78.33,HIGH
102653,38,Male,58970993,Basic,5,14478932,Pickup,10,0,No,42866,3,Office Worker,1,69.67,69.67,MEDIUM
102654,25,Male,146686383,Basic,9,6232829,Pickup,13,2,Yes,25922,3,Business Owner,1,90.33,90.33,HIGH
102655,55,Male,106880157,Basic,10,9248544,SUV,3,3,Yes,35923,2,Engineer,1,85.0,85.0,HIGH
102656,25,Male,103573735,Basic,10,6516178,Hatchback,2,0,Yes,43928,0,Engineer,1,69.0,69.0,MEDIUM
102657,67,Female,141804537,Premium,10,10300582,SUV,15,2,Yes,18398,0,Office Worker,0,9.67,9.67,LOW
102658,20,Female,225477332,Premium,3,11050001,Motorcycle,6,2,No,30929,1,Teacher,1,88.0,88.0,HIGH
102659,61,Male,51935185,Standard,5,6449826,SUV,11,3,No,42449,1,Business Owner,1,90.0,90.0,HIGH
102660,20,Female,65710838,Standard,10,5908394,SUV,12,2,No,18903,2,Business Owner,1,90.33,90.33,HIGH
102661,39,Male,164019164,Basic,5,4406820,Motorcycle,14,2,No,14309,1,Business Owner,1,82.67,82.67,HIGH
102662,23,Male,104258185,Premium,9,3448466,Pickup,13,1,No,38483,0,Business Owner,1,91.33,91.33,HIGH
102663,19,Female,173430700,Basic,10,10856692,Motorcycle,7,3,Yes,40107,0,Student,1,75.0,75.0,HIGH
102664,40,Female,31931344,Premium,4,12055159,Sedan,6,3,No,11070,2,Engineer,1,78.67,78.67,HIGH
102665,61,Male,59179345,Standard,1,12478717,SUV,0,0,No,36217,0,Business Owner,0,33.33,33.33,MEDIUM
102666,19,Male,202681961,Basic,10,1468897,SUV,0,2,Yes,32425,1,Student,1,86.0,86.0,HIGH
102667,55,Female,202078767,Premium,5,12760661,Pickup,12,0,No,18106,0,Student,0,7.67,7.67,LOW
102668,34,Male,246032147,Basic,1,13884547,Hatchback,4,0,No,36837,1,Engineer,1,68.67,68.67,MEDIUM
102669,52,Female,203194532,Standard,6,6816504,Motorcycle,14,2,Yes,7017,1,Driver,1,89.0,89.0,HIGH
102670,51,Male,183368300,Standard,10,4162633,Hatchback,13,1,No,32420,0,Office Worker,0,6.33,6.33,LOW
102671,40,Male,90877073,Basic,10,8370305,Sedan,7,2,Yes,31167,2,Engineer,1,82.33,82.33,HIGH
102672,47,Female,84115024,Standard,7,2173767,Motorcycle,13,1,No,38587,1,Driver,1,74.67,74.67,HIGH
102673,69,Female,90440781,Standard,1,4303034,Sedan,15,1,No,16582,4,Teacher,1,65.33,65.33,MEDIUM
102674,25,Female,67192304,Standard,10,1066538,Sedan,9,2,No,16867,1,Office Worker,1,83.67,83.67,HIGH
102675,39,Female,138058526,Basic,4,14736058,Sedan,10,1,Yes,21669,1,Office Worker,1,91.67,91.67,HIGH
102676,61,Female,41480387,Premium,9,5882237,Motorcycle,2,2,No,13227,1,Office Worker,0,5.33,5.33,LOW
102677,53,Female,87545233,Basic,1,2928347,Motorcycle,7,2,No,45150,0,Student,1,79.67,79.67,HIGH
102678,22,Female,33625146,Basic,9,11747785,Pickup,2,0,Yes,18947,0,Business Owner,1,83.33,83.33,HIGH
102679,30,Male,241585619,Basic,8,5389696,SUV,3,2,No,14932,0,Office Worker,1,65.0,65.0,MEDIUM
102680,46,Male,113595831,Basic,5,10566177,Hatchback,9,2,No,13985,0,Business Owner,1,89.67,89.67,HIGH
102681,48,Male,175019959,Basic,6,3894914,Hatchback,6,2,No,9375,0,Office Worker,1,87.33,87.33,HIGH
102682,64,Female,95717998,Premium,7,14854600,Sedan,2,2,Yes,18805,1,Student,1,80.0,80.0,HIGH
102683,33,Female,50319530,Basic,4,7101865,Motorcycle,3,3,No,20107,1,Teacher,0,9.67,9.67,LOW
102684,59,Female,238055752,Basic,6,13729995,Motorcycle,15,1,Yes,45401,2,Office Worker,1,90.67,90.67,HIGH
102685,47,Male,31630604,Basic,7,10520721,Sedan,7,3,No,41041,0,Engineer,1,85.67,85.67,HIGH
102686,33,Female,55334030,Standard,6,5779577,SUV,3,2,No,10535,0,Driver,1,77.67,77.67,HIGH
102687,29,Female,143267662,Premium,6,9820116,Hatchback,8,0,No,40588,1,Office Worker,1,49.33,49.33,MEDIUM
102688,34,Male,149894171,Basic,2,5840896,Pickup,3,0,Yes,19470,1,Driver,1,75.33,75.33,HIGH
102689,33,Female,194559012,Basic,5,1136322,SUV,12,1,No,27081,0,Driver,1,64.33,64.33,MEDIUM
102690,29,Male,130696089,Basic,3,1258116,Motorcycle,13,1,No,9846,1,Student,1,80.33,80.33,HIGH
102691,25,Male,214872051,Basic,7,4955449,Sedan,3,4,No,7149,2,Teacher,1,84.33,84.33,HIGH
102692,37,Female,239252057,Basic,4,3130239,Hatchback,12,1,No,40929,1,Driver,1,70.33,70.33,HIGH
102693,20,Female,234466072,Standard,1,14707440,Sedan,4,2,No,39188,2,Student,1,75.67,75.67,HIGH
102694,33,Female,41819353,Basic,6,6988935,Motorcycle,0,4,No,32925,1,Teacher,1,70.0,70.0,HIGH
102695,47,Male,152271065,Standard,6,3133520,Sedan,6,1,Yes,6212,0,Office Worker,0,11.33,11.33,LOW
102696,62,Male,75470573,Basic,7,11082120,Hatchback,8,2,No,6922,2,Business Owner,1,64.0,64.0,MEDIUM
102697,40,Male,128297115,Premium,8,8148703,Sedan,15,4,No,33544,1,Student,1,84.67,84.67,HIGH
102698,45,Female,56578449,Premium,3,12625029,Hatchback,15,0,No,35065,3,Driver,1,84.33,84.33,HIGH
102699,68,Female,97521183,Standard,6,7276839,Sedan,11,0,Yes,30065,3,Driver,1,91.0,91.0,HIGH
102700,57,Female,246398708,Standard,10,14166100,Sedan,8,3,No,25694,2,Office Worker,1,85.0,85.0,HIGH
102701,22,Female,37184706,Standard,2,7044806,Hatchback,0,0,Yes,9042,3,Student,0,7.0,7.0,LOW
102702,37,Male,193147393,Standard,9,6621510,Sedan,14,1,No,11013,0,Office Worker,1,51.33,51.33,MEDIUM
102703,57,Male,206336032,Standard,2,12186286,SUV,5,0,No,34285,1,Student,1,45.67,45.67,MEDIUM
102704,61,Male,173384553,Standard,3,7513638,Pickup,2,1,Yes,45446,0,Business Owner,1,80.0,80.0,HIGH
102705,18,Male,52726096,Premium,10,11642165,SUV,15,1,No,27648,1,Engineer,1,83.0,83.0,HIGH
102706,47,Female,236449835,Premium,2,11256666,Pickup,3,0,No,6754,2,Office Worker,0,4.67,4.67,LOW
102707,38,Female,77289440,Basic,9,2670663,SUV,7,1,No,14187,0,Driver,1,78.0,78.0,HIGH
102708,37,Female,151053182,Standard,1,7422472,Pickup,14,0,No,40133,0,Office Worker,1,72.33,72.33,HIGH
102709,23,Male,186538690,Basic,5,9337102,Sedan,3,1,No,3546,0,Student,1,72.67,72.67,HIGH
102710,39,Male,223859824,Basic,1,7034478,Hatchback,7,1,Yes,39497,0,Office Worker,0,5.33,5.33,LOW
102711,35,Female,179497590,Standard,5,5594641,Hatchback,3,2,Yes,43118,4,Business Owner,1,88.0,88.0,HIGH
102712,25,Female,112777945,Basic,8,12155797,Motorcycle,8,0,No,49157,1,Student,0,7.0,7.0,LOW
102713,56,Male,242992546,Premium,8,8003377,Pickup,5,1,Yes,37736,1,Teacher,1,86.0,86.0,HIGH
102714,49,Female,232310535,Basic,8,8305737,Motorcycle,0,0,No,33599,1,Driver,0,3.33,3.33,LOW
102715,50,Male,213699955,Standard,2,8815157,Motorcycle,12,0,Yes,7516,1,Driver,1,83.0,83.0,HIGH
102716,70,Male,202314659,Standard,8,3970993,Pickup,9,2,No,4259,0,Student,1,86.33,86.33,HIGH
102717,33,Male,39999412,Standard,5,14669152,Hatchback,1,2,No,49913,1,Teacher,1,72.33,72.33,HIGH
102718,29,Female,192005813,Standard,1,6110662,Pickup,6,3,Yes,26376,0,Business Owner,0,11.33,11.33,LOW
102719,55,Female,139762797,Premium,7,2556610,Sedan,9,3,No,27140,1,Office Worker,1,80.0,80.0,HIGH
102720,69,Male,216535971,Standard,6,2836301,Motorcycle,6,0,No,22317,3,Engineer,0,7.33,7.33,LOW
102721,51,Female,201386455,Standard,5,4037099,Motorcycle,2,2,No,5509,0,Driver,1,75.67,75.67,HIGH
102722,31,Male,164756732,Basic,1,10935661,Pickup,0,0,No,47968,1,Business Owner,0,8.0,8.0,LOW
102723,53,Male,111128445,Standard,1,1311356,Motorcycle,7,0,No,15264,0,Business Owner,1,55.0,55.0,MEDIUM
102724,50,Male,61316288,Premium,6,12487395,Hatchback,12,2,No,20946,2,Business Owner,0,8.67,8.67,LOW
102725,40,Male,245174896,Standard,10,4221004,Motorcycle,12,1,No,34635,0,Office Worker,1,79.67,79.67,HIGH
102726,67,Female,110999128,Premium,7,9139023,Pickup,9,1,No,13277,1,Business Owner,1,46.0,46.0,MEDIUM
102727,62,Male,140432713,Standard,10,7356687,Hatchback,13,0,Yes,29365,3,Business Owner,1,92.0,92.0,HIGH
102728,19,Male,25029813,Basic,10,6875445,Hatchback,10,0,No,27459,0,Student,1,85.33,85.33,HIGH
102729,58,Female,234406415,Basic,1,14801604,Motorcycle,14,3,No,6669,1,Student,1,91.33,91.33,HIGH
102730,38,Male,78543055,Basic,9,6526771,Pickup,10,2,No,33564,0,Business Owner,1,85.0,85.0,HIGH
102731,19,Male,80191993,Standard,4,12247576,Motorcycle,9,0,No,21865,0,Business Owner,0,7.67,7.67,LOW
102732,44,Female,114857223,Standard,5,13532709,Sedan,14,2,No,47390,0,Student,1,86.67,86.67,HIGH
102733,26,Female,139692582,Basic,2,12957681,Sedan,6,0,No,19588,3,Office Worker,1,81.0,81.0,HIGH
102734,18,Female,216050587,Standard,10,8602213,Hatchback,9,3,No,18040,0,Student,1,87.0,87.0,HIGH
102735,28,Male,66850767,Standard,8,5036454,Motorcycle,7,1,No,20125,1,Student,0,9.0,9.0,LOW
102736,20,Female,208799955,Standard,2,3194999,Sedan,0,3,Yes,33759,0,Student,1,83.33,83.33,HIGH
102737,69,Female,182641798,Basic,3,1777725,SUV,13,4,No,46848,0,Student,1,85.0,85.0,HIGH
102738,40,Male,160832909,Basic,9,7339959,Sedan,2,1,No,31070,1,Engineer,1,72.67,72.67,HIGH
102739,43,Male,221262698,Basic,2,7793832,Motorcycle,12,1,No,10049,2,Driver,0,6.0,6.0,LOW
102740,21,Male,241222361,Basic,6,2343961,Motorcycle,1,2,No,18516,1,Office Worker,1,70.0,70.0,HIGH
102741,35,Male,96143513,Basic,4,7228556,Sedan,0,2,No,40031,2,Teacher,1,81.67,81.67,HIGH
102742,23,Male,170745229,Basic,7,12892651,Motorcycle,4,3,Yes,7737,0,Office Worker,1,79.33,79.33,HIGH
102743,52,Female,205007110,Standard,6,13204530,Motorcycle,15,0,No,19027,0,Business Owner,0,5.67,5.67,LOW
102744,39,Female,227677408,Basic,10,6717209,SUV,2,1,No,42598,1,Engineer,0,3.33,3.33,LOW
102745,60,Female,140395704,Premium,9,1259966,Hatchback,9,0,No,13015,1,Business Owner,0,4.33,4.33,LOW
102746,32,Male,218708332,Basic,9,8195190,Motorcycle,14,1,Yes,39965,1,Office Worker,1,89.0,89.0,HIGH
102747,39,Male,48544531,Basic,10,2731126,Pickup,7,1,No,18095,0,Office Worker,1,80.67,80.67,HIGH
102748,54,Male,147541630,Standard,4,5267136,Hatchback,15,3,No,18053,1,Teacher,1,92.0,92.0,HIGH
102749,69,Female,212370434,Basic,1,2332103,Hatchback,5,3,Yes,25872,1,Teacher,1,90.0,90.0,HIGH
102750,59,Female,152866291,Premium,2,13300670,Pickup,9,2,No,34519,4,Business Owner,1,75.0,75.0,HIGH
102751,29,Male,159676547,Basic,8,3483587,Sedan,15,4,No,47471,0,Driver,1,91.0,91.0,HIGH
102752,64,Female,143648572,Premium,10,13476500,SUV,13,1,Yes,46166,2,Business Owner,1,82.67,82.67,HIGH
102753,66,Male,114239449,Premium,8,13570325,Motorcycle,8,0,No,26063,3,Driver,1,82.67,82.67,HIGH
102754,59,Female,109330954,Standard,2,14372018,Sedan,8,2,No,9306,0,Driver,1,79.67,79.67,HIGH
102755,55,Female,242548289,Standard,4,10813428,Pickup,15,2,Yes,15573,0,Student,1,90.33,90.33,HIGH
102756,35,Female,248789453,Standard,1,11177584,SUV,10,1,No,20248,1,Office Worker,1,87.67,87.67,HIGH
102757,62,Male,186492253,Standard,7,12953218,SUV,5,2,No,44014,0,Student,1,84.0,84.0,HIGH
102758,52,Female,238325360,Standard,4,14675282,SUV,1,2,Yes,29656,0,Office Worker,1,71.67,71.67,HIGH
102759,47,Female,123591883,Basic,8,9384640,Pickup,8,1,No,19941,1,Student,1,76.0,76.0,HIGH
102760,41,Male,130665241,Basic,9,11419542,Sedan,1,2,No,16018,2,Driver,1,80.0,80.0,HIGH
102761,59,Female,132586091,Standard,9,4274272,Motorcycle,2,0,No,16088,2,Student,1,36.67,36.67,MEDIUM
102762,47,Male,178048992,Standard,3,3018422,SUV,5,2,Yes,23675,1,Engineer,1,91.0,91.0,HIGH
102763,31,Male,109949772,Premium,5,11523315,SUV,1,3,No,19124,2,Student,1,74.67,74.67,HIGH
102764,23,Male,34332439,Basic,6,2759144,Sedan,4,0,Yes,19831,0,Teacher,0,9.67,9.67,LOW
102765,20,Male,64627361,Premium,6,1818838,SUV,1,3,No,37589,2,Teacher,1,68.67,68.67,MEDIUM
102766,33,Male,204235563,Basic,10,7120632,SUV,11,1,No,6819,2,Student,1,87.0,87.0,HIGH
102767,24,Female,72118996,Standard,8,13570105,Pickup,3,2,No,33286,0,Student,0,7.33,7.33,LOW
102768,69,Male,104371163,Basic,6,12227781,Hatchback,14,1,No,14164,2,Engineer,0,9.0,9.0,LOW
102769,31,Male,29051939,Standard,6,11947093,Sedan,10,3,No,35701,0,Office Worker,1,92.33,92.33,HIGH
102770,26,Male,193642113,Basic,4,13270832,Sedan,10,2,No,19475,0,Student,1,90.67,90.67,HIGH
102771,32,Male,119857961,Standard,7,3389580,Sedan,2,1,No,45211,1,Office Worker,1,48.33,48.33,MEDIUM
102772,38,Female,195870216,Premium,8,12161291,Pickup,4,2,Yes,22305,1,Teacher,1,54.67,54.67,MEDIUM
102773,52,Male,220254358,Standard,3,2925635,Pickup,5,2,No,14498,1,Business Owner,1,81.67,81.67,HIGH
102774,19,Female,115885324,Standard,7,2980413,Motorcycle,12,1,No,35869,0,Driver,1,81.67,81.67,HIGH
102775,44,Male,189543254,Premium,3,14006663,Pickup,6,2,No,39603,0,Business Owner,1,81.67,81.67,HIGH
102776,19,Female,79525264,Standard,8,5283327,Sedan,9,3,Yes,7235,2,Engineer,1,91.33,91.33,HIGH
102777,52,Male,139244861,Standard,1,7269854,Motorcycle,7,0,No,48890,1,Engineer,0,6.67,6.67,LOW
102778,35,Male,82415983,Basic,1,13747684,Hatchback,8,0,Yes,15015,0,Office Worker,0,7.33,7.33,LOW
102779,31,Female,242585019,Premium,6,10478700,SUV,13,0,Yes,17601,1,Office Worker,1,74.0,74.0,HIGH
102780,37,Male,242618561,Standard,10,4104490,SUV,3,1,No,10509,1,Student,1,81.0,81.0,HIGH
102781,35,Female,145879699,Basic,9,13838535,Motorcycle,3,3,No,42484,0,Business Owner,1,81.67,81.67,HIGH
102782,27,Male,215973203,Basic,4,12025063,Hatchback,6,1,No,19918,1,Office Worker,1,78.67,78.67,HIGH
102783,42,Female,199446266,Premium,6,7645340,SUV,15,2,No,43975,1,Teacher,1,83.33,83.33,HIGH
102784,19,Male,30216813,Basic,5,11189828,Motorcycle,11,2,No,44520,2,Office Worker,1,90.33,90.33,HIGH
102785,42,Male,187141058,Premium,1,5155035,Pickup,14,2,No,38693,3,Teacher,1,89.33,89.33,HIGH
102786,50,Female,212907339,Basic,6,12948788,Sedan,9,1,No,29959,1,Office Worker,1,60.0,60.0,MEDIUM
102787,53,Male,82405223,Standard,9,9355687,Hatchback,9,0,No,3909,0,Driver,1,73.67,73.67,HIGH
102788,48,Male,109811073,Standard,3,5523088,SUV,10,3,No,12605,1,Office Worker,1,92.0,92.0,HIGH
102789,31,Male,209903167,Standard,3,4753206,Sedan,8,0,No,17505,0,Driver,0,6.67,6.67,LOW
102790,18,Male,187823779,Premium,2,11480470,Motorcycle,10,1,Yes,40776,1,Engineer,1,84.67,84.67,HIGH
102791,63,Male,210933901,Standard,4,1963208,SUV,1,4,No,3118,3,Student,1,80.0,80.0,HIGH
102792,33,Male,72516431,Standard,10,14804929,Sedan,12,1,Yes,31638,1,Business Owner,1,71.0,71.0,HIGH
102793,63,Female,150160097,Basic,3,2135583,Pickup,10,5,Yes,6113,0,Office Worker,1,82.33,82.33,HIGH
102794,69,Female,125779516,Basic,2,13215602,Hatchback,5,0,Yes,47020,1,Driver,1,77.33,77.33,HIGH
102795,20,Female,92330285,Basic,1,10130611,Motorcycle,9,2,Yes,41921,3,Office Worker,0,6.0,6.0,LOW
102796,52,Male,50515141,Standard,3,14092870,SUV,9,0,No,17765,3,Office Worker,0,65.0,65.0,MEDIUM
102797,58,Female,121195775,Basic,10,6109661,Pickup,7,1,No,20875,2,Driver,1,80.33,80.33,HIGH
102798,23,Male,221086801,Basic,6,2057721,Hatchback,15,1,No,21480,0,Office Worker,1,69.0,69.0,MEDIUM
102799,42,Male,90896971,Standard,9,9406834,Hatchback,12,1,Yes,10944,1,Business Owner,1,93.33,93.33,HIGH
102800,30,Male,152160499,Standard,5,12799282,Pickup,4,2,No,38022,1,Teacher,0,6.0,6.0,LOW
102801,70,Male,38938810,Standard,3,12034167,SUV,4,0,No,28089,1,Teacher,1,70.67,70.67,HIGH
102802,51,Female,246762805,Basic,5,10500744,Hatchback,7,0,No,35563,3,Teacher,1,61.33,61.33,MEDIUM
102803,25,Male,174518045,Basic,5,7288956,Motorcycle,0,2,No,4233,2,Teacher,1,69.33,69.33,MEDIUM
102804,38,Female,82228660,Premium,5,12780077,Sedan,5,1,Yes,24642,1,Engineer,1,78.33,78.33,HIGH
102805,51,Male,105038962,Basic,7,13282417,Motorcycle,9,4,No,31708,0,Student,1,79.33,79.33,HIGH
102806,21,Female,43194407,Premium,5,5579449,Hatchback,12,1,No,33937,0,Office Worker,1,90.67,90.67,HIGH
102807,42,Female,179342470,Premium,7,12989678,Sedan,8,0,No,41399,0,Driver,1,72.33,72.33,HIGH
102808,32,Female,205592175,Standard,9,9984537,Pickup,11,1,No,3129,1,Business Owner,1,85.0,85.0,HIGH
102809,21,Female,116995154,Basic,5,1051712,Sedan,5,1,No,39484,1,Office Worker,1,84.0,84.0,HIGH
102810,62,Female,143130437,Premium,2,14028317,Sedan,14,0,No,21155,1,Engineer,1,75.67,75.67,HIGH
102811,29,Female,108724371,Standard,5,1975288,Sedan,6,0,No,23838,1,Engineer,0,7.67,7.67,LOW
102812,49,Male,192098932,Standard,8,13188709,Hatchback,15,1,Yes,26154,0,Driver,1,90.33,90.33,HIGH
102813,49,Female,135099050,Basic,4,5524733,SUV,3,1,No,47035,1,Office Worker,0,5.33,5.33,LOW
102814,45,Male,118477220,Basic,2,5309582,Hatchback,11,1,No,33294,3,Teacher,1,93.0,93.0,HIGH
102815,30,Female,140098415,Basic,10,14092184,SUV,9,0,Yes,8273,0,Office Worker,1,86.33,86.33,HIGH
102816,48,Male,212230854,Standard,3,9038341,Pickup,0,1,No,11697,1,Office Worker,0,35.33,35.33,MEDIUM
102817,31,Female,175528442,Standard,9,3262353,Pickup,8,2,Yes,8628,0,Engineer,0,77.0,77.0,HIGH
102818,37,Female,128596174,Standard,9,12296704,Pickup,11,0,No,40681,1,Office Worker,0,4.67,4.67,LOW
102819,35,Male,90176962,Standard,8,4772093,Pickup,5,1,No,48849,0,Teacher,1,75.67,75.67,HIGH
102820,46,Female,198945209,Standard,8,1734391,Pickup,2,2,Yes,28414,0,Office Worker,1,65.33,65.33,MEDIUM
102821,23,Female,249918084,Standard,8,2312784,Motorcycle,3,3,No,47831,1,Office Worker,1,89.0,89.0,HIGH
102822,49,Female,107051606,Premium,8,5814206,Hatchback,9,2,No,7718,0,Office Worker,1,84.67,84.67,HIGH
102823,46,Male,192601844,Basic,8,4328367,SUV,11,2,Yes,22060,2,Teacher,0,10.33,10.33,LOW
102824,60,Female,176817508,Standard,1,8632187,Pickup,5,0,No,3096,1,Teacher,1,48.33,48.33,MEDIUM
102825,19,Male,69338446,Basic,6,2381872,Motorcycle,5,1,No,21347,0,Driver,1,72.67,72.67,HIGH
102826,40,Female,91774402,Standard,9,14311783,Motorcycle,11,1,No,41169,0,Engineer,1,79.33,79.33,HIGH
102827,36,Female,63598748,Standard,8,11972504,Motorcycle,8,0,Yes,33396,2,Student,1,89.0,89.0,HIGH
102828,48,Male,181653509,Premium,3,8461821,Hatchback,3,3,Yes,14058,0,Driver,1,85.33,85.33,HIGH
102829,68,Female,129135184,Basic,1,1321064,Pickup,4,1,No,15218,0,Teacher,0,5.0,5.0,LOW
102830,22,Female,102640857,Premium,2,8099275,Motorcycle,4,2,No,19982,1,Office Worker,1,78.0,78.0,HIGH
102831,36,Male,203229652,Basic,2,13991452,Motorcycle,2,0,No,35281,3,Student,1,76.67,76.67,HIGH
102832,51,Female,66092244,Standard,7,3685400,Pickup,1,0,Yes,6963,1,Business Owner,1,48.0,48.0,MEDIUM
102833,27,Male,128211896,Basic,6,1122994,Hatchback,7,3,No,28004,0,Student,1,85.67,85.67,HIGH
102834,42,Male,97307109,Premium,2,9329315,Motorcycle,9,3,Yes,49622,1,Driver,0,11.0,11.0,LOW
102835,19,Male,220141447,Standard,8,10731956,SUV,14,3,No,26677,1,Engineer,1,92.67,92.67,HIGH
102836,28,Female,205077015,Standard,9,6102005,Sedan,8,4,No,47741,4,Driver,1,88.67,88.67,HIGH
102837,67,Male,245089212,Premium,7,5924760,Sedan,15,1,No,4324,0,Engineer,0,9.67,9.67,LOW
102838,48,Male,92087885,Basic,4,2882460,Sedan,9,0,Yes,30166,0,Engineer,1,70.67,70.67,HIGH
102839,32,Female,89773622,Basic,1,8118986,Hatchback,10,0,No,46374,1,Teacher,1,76.0,76.0,HIGH
102840,26,Male,161344589,Premium,4,10786189,Motorcycle,12,0,Yes,49908,0,Engineer,1,84.67,84.67,HIGH
102841,40,Female,62333769,Basic,4,9416557,Sedan,8,3,Yes,27495,1,Business Owner,1,88.33,88.33,HIGH
102842,36,Female,48066405,Basic,8,10639868,Sedan,13,0,No,40932,2,Student,1,87.0,87.0,HIGH
102843,26,Female,143489451,Standard,4,8230992,Pickup,4,0,No,29092,1,Driver,0,5.33,5.33,LOW
102844,52,Female,154771638,Standard,4,3432833,Motorcycle,10,0,No,4339,0,Driver,1,80.33,80.33,HIGH
102845,38,Male,63243565,Basic,2,1378147,Motorcycle,8,0,No,15286,1,Engineer,1,74.0,74.0,HIGH
102846,26,Male,163396193,Basic,10,6455945,Pickup,15,1,No,32235,1,Teacher,1,87.0,87.0,HIGH
102847,45,Male,64262729,Basic,7,11219270,Motorcycle,3,2,No,14595,2,Business Owner,1,80.33,80.33,HIGH
102848,63,Male,190720697,Standard,4,10413091,SUV,1,2,No,28552,1,Business Owner,1,70.67,70.67,HIGH
102849,68,Male,191987664,Premium,6,6648399,Hatchback,2,0,No,16629,0,Office Worker,1,70.0,70.0,HIGH
102850,24,Female,204921858,Premium,3,1574989,Pickup,0,0,No,49489,1,Business Owner,1,73.33,73.33,HIGH
102851,33,Male,164461490,Standard,7,10225551,Sedan,4,0,Yes,42234,3,Engineer,0,9.0,9.0,LOW
102852,33,Male,217302848,Basic,6,7372120,Motorcycle,0,1,Yes,32925,0,Engineer,1,79.33,79.33,HIGH
102853,50,Male,33231691,Premium,3,3508648,SUV,11,1,No,41231,2,Student,0,8.33,8.33,LOW
102854,21,Female,188566083,Standard,4,4185155,SUV,10,1,Yes,41258,1,Engineer,1,93.33,93.33,HIGH
102855,21,Female,237986793,Basic,10,5291484,Hatchback,0,1,No,15843,0,Student,1,79.0,79.0,HIGH
102856,56,Male,202190284,Premium,5,1627838,SUV,13,0,No,35035,2,Business Owner,1,83.33,83.33,HIGH
102857,57,Female,110582689,Standard,9,13458807,Motorcycle,10,2,No,26988,0,Office Worker,1,87.67,87.67,HIGH
102858,34,Male,45346985,Standard,6,9264197,Motorcycle,10,2,No,35683,1,Teacher,1,81.0,81.0,HIGH
102859,54,Male,129272980,Standard,4,2126528,SUV,12,2,Yes,35986,1,Driver,1,93.0,93.0,HIGH
102860,56,Female,125310136,Basic,7,13648958,Motorcycle,15,1,No,36301,2,Engineer,1,84.33,84.33,HIGH
102861,69,Female,163808451,Basic,2,11258816,Motorcycle,6,6,Yes,17977,2,Business Owner,1,88.67,88.67,HIGH
102862,46,Male,111698833,Standard,4,6572466,Sedan,1,1,No,10951,2,Engineer,0,4.67,4.67,LOW
102863,69,Male,197361924,Basic,5,6697767,Pickup,14,6,No,29071,0,Student,1,87.0,87.0,HIGH
102864,53,Female,229456577,Standard,4,12101118,Motorcycle,7,0,No,12565,0,Business Owner,1,70.67,70.67,HIGH
102865,55,Male,77450384,Standard,4,10223362,Motorcycle,5,0,Yes,31715,0,Driver,1,86.0,86.0,HIGH
102866,56,Female,169449865,Standard,9,6193792,Hatchback,3,1,No,40109,2,Student,0,4.67,4.67,LOW
102867,67,Male,150485921,Standard,2,8246656,Pickup,8,1,No,40850,1,Business Owner,0,10.67,10.67,LOW
102868,54,Female,44427719,Standard,6,12604582,Pickup,14,2,Yes,49664,0,Teacher,1,90.33,90.33,HIGH
102869,69,Male,93227708,Premium,8,3637023,Pickup,9,2,No,14334,0,Teacher,1,78.67,78.67,HIGH
102870,52,Male,204038514,Standard,8,10782048,SUV,7,2,No,29300,1,Driver,1,86.0,86.0,HIGH
102871,24,Female,238511434,Basic,7,9837039,Sedan,12,0,No,22369,0,Teacher,1,79.33,79.33,HIGH
102872,44,Male,131364344,Basic,10,11117397,Sedan,9,0,No,41362,0,Student,0,5.67,5.67,LOW
102873,45,Male,196666302,Basic,4,9787933,Hatchback,2,0,No,27401,0,Driver,0,3.33,3.33,LOW
102874,39,Female,249566088,Basic,7,6482165,Pickup,2,0,No,47614,0,Business Owner,0,51.0,51.0,MEDIUM
102875,31,Male,166259777,Basic,10,11807661,Pickup,3,0,No,23639,1,Student,1,78.0,78.0,HIGH
102876,24,Male,148079175,Basic,6,10700566,Motorcycle,13,5,No,20388,0,Teacher,1,93.67,93.67,HIGH
102877,54,Male,152287033,Standard,6,12131318,SUV,8,1,Yes,21506,1,Office Worker,1,92.0,92.0,HIGH
102878,39,Female,119242442,Premium,2,14488555,SUV,8,3,No,15766,1,Engineer,0,11.33,11.33,LOW
102879,22,Female,73835195,Basic,8,9403672,Hatchback,4,1,No,9696,2,Teacher,1,73.0,73.0,HIGH
102880,19,Female,107947380,Standard,8,6405067,Sedan,11,0,No,6981,0,Office Worker,1,80.0,80.0,HIGH
102881,44,Male,198998819,Standard,7,4806708,Pickup,8,2,Yes,19855,0,Driver,1,92.67,92.67,HIGH
102882,38,Male,68189769,Basic,9,8180873,Hatchback,5,2,No,22789,1,Business Owner,0,67.67,67.67,MEDIUM
102883,55,Male,27781652,Premium,8,14675746,SUV,7,0,No,3308,0,Engineer,1,71.33,71.33,HIGH
102884,32,Male,57121967,Standard,9,10048438,SUV,10,1,Yes,43463,1,Business Owner,1,72.67,72.67,HIGH
102885,38,Female,129880931,Standard,9,10328115,SUV,15,1,No,30510,3,Driver,1,85.33,85.33,HIGH
102886,27,Male,121491996,Standard,6,6005404,Pickup,7,0,No,32372,3,Business Owner,1,87.67,87.67,HIGH
102887,40,Male,70327209,Basic,2,2387979,Pickup,11,1,No,10707,1,Student,1,85.0,85.0,HIGH
102888,56,Male,53715260,Standard,7,10025088,Pickup,9,2,No,18522,1,Student,1,73.67,73.67,HIGH
102889,22,Female,168054349,Basic,3,2407296,Motorcycle,14,2,No,38815,0,Teacher,1,81.67,81.67,HIGH
102890,18,Male,211835695,Premium,7,3726921,Sedan,6,3,No,29497,0,Teacher,1,87.67,87.67,HIGH
102891,30,Male,25931253,Standard,9,10600302,SUV,3,3,No,33524,2,Teacher,1,80.67,80.67,HIGH
102892,38,Male,139908116,Standard,10,6444929,SUV,15,2,No,46959,1,Teacher,1,89.0,89.0,HIGH
102893,43,Male,75874603,Basic,10,9859079,Motorcycle,3,1,Yes,37785,0,Driver,1,63.33,63.33,MEDIUM
102894,67,Male,173186417,Standard,2,10274965,SUV,5,0,No,16366,2,Business Owner,0,5.33,5.33,LOW
102895,62,Female,56007197,Standard,6,8816584,SUV,13,1,Yes,40649,2,Teacher,1,81.0,81.0,HIGH
102896,38,Male,104047699,Standard,6,2371028,Pickup,8,0,No,37246,1,Driver,0,10.0,10.0,LOW
102897,70,Male,229634327,Standard,9,1456435,Pickup,6,1,No,29928,1,Engineer,1,80.33,80.33,HIGH
102898,35,Male,80122774,Standard,9,8836606,Sedan,4,5,No,23581,1,Teacher,1,71.33,71.33,HIGH
102899,54,Male,35186886,Premium,5,7816874,SUV,4,1,No,27105,1,Business Owner,1,80.33,80.33,HIGH
102900,62,Male,187691976,Standard,5,1538359,Hatchback,7,1,No,40638,2,Student,1,86.0,86.0,HIGH
102901,49,Male,91073728,Premium,9,9211981,SUV,5,1,Yes,22843,0,Office Worker,1,78.33,78.33,HIGH
102902,53,Male,184756697,Premium,8,11858144,SUV,0,0,Yes,47714,0,Student,0,4.67,4.67,LOW
102903,34,Male,238169573,Standard,7,14109318,Sedan,0,1,No,45191,3,Business Owner,0,4.33,4.33,LOW
102904,52,Male,127716709,Basic,8,4208136,Hatchback,8,2,No,8434,1,Business Owner,1,73.0,73.0,HIGH
102905,66,Male,182680885,Standard,6,11504918,SUV,15,0,No,36339,2,Business Owner,1,82.67,82.67,HIGH
102906,28,Female,239703804,Premium,3,9157551,Hatchback,7,1,No,22973,2,Business Owner,1,66.67,66.67,MEDIUM
102907,38,Female,185069163,Basic,7,5902785,Pickup,5,0,No,44107,2,Teacher,0,9.33,9.33,LOW
102908,69,Female,40020117,Standard,8,7812814,Pickup,12,1,No,14635,2,Engineer,0,54.67,54.67,MEDIUM
102909,70,Female,127320683,Premium,8,9932770,Hatchback,0,0,No,3596,1,Office Worker,0,5.0,5.0,LOW
102910,43,Male,195563401,Standard,1,13822051,SUV,13,2,No,24457,1,Teacher,1,88.67,88.67,HIGH
102911,21,Female,220575158,Standard,7,6064179,Hatchback,1,1,Yes,35415,0,Student,1,81.67,81.67,HIGH
102912,51,Female,200809981,Basic,3,6882843,Hatchback,9,1,No,31321,1,Engineer,1,74.0,74.0,HIGH
102913,69,Male,76552633,Basic,2,12857062,Pickup,2,3,No,17834,0,Driver,1,84.33,84.33,HIGH
102914,65,Female,238294469,Standard,2,13705515,Hatchback,9,0,No,40018,1,Business Owner,0,6.0,6.0,LOW
102915,35,Female,27604325,Basic,8,1982207,Motorcycle,11,4,Yes,23709,0,Student,1,85.67,85.67,HIGH
102916,57,Male,229088215,Basic,9,10852105,Motorcycle,2,4,Yes,6371,0,Driver,1,84.0,84.0,HIGH
102917,52,Male,77008498,Premium,3,13128005,Pickup,1,0,No,3157,1,Office Worker,0,52.0,52.0,MEDIUM
102918,58,Male,123367753,Basic,3,14080733,SUV,11,3,Yes,19032,1,Student,1,93.0,93.0,HIGH
102919,46,Female,230110391,Premium,6,4321453,SUV,1,1,No,6318,0,Engineer,1,67.33,67.33,MEDIUM
102920,69,Female,175158023,Premium,10,6081328,Pickup,5,1,No,16462,0,Teacher,1,41.33,41.33,MEDIUM
102921,46,Male,131373012,Basic,1,8169514,SUV,6,1,No,48010,2,Driver,1,72.67,72.67,HIGH
102922,55,Male,102354231,Basic,6,8950537,Sedan,3,0,No,42989,0,Student,0,4.33,4.33,LOW
102923,59,Female,246990740,Standard,3,1778873,Motorcycle,0,1,Yes,11957,1,Teacher,1,86.33,86.33,HIGH
102924,38,Male,159649912,Standard,4,1466548,Sedan,5,3,No,14843,0,Teacher,1,88.0,88.0,HIGH
102925,59,Female,235924925,Basic,9,11820703,Sedan,6,1,No,5612,0,Teacher,1,74.33,74.33,HIGH
102926,30,Male,111222886,Standard,3,5518633,Sedan,3,2,No,23946,1,Engineer,1,67.67,67.67,MEDIUM
102927,66,Male,222560279,Basic,1,13005865,Pickup,5,1,No,15020,0,Business Owner,0,5.67,5.67,LOW
102928,58,Female,187718496,Premium,3,11789442,Sedan,8,2,No,15773,0,Student,1,63.67,63.67,MEDIUM
102929,34,Male,166734929,Basic,7,7049655,Hatchback,3,3,Yes,33247,1,Teacher,1,85.33,85.33,HIGH
102930,26,Male,78239735,Basic,7,3596057,SUV,11,3,Yes,3443,0,Business Owner,1,86.33,86.33,HIGH
102931,58,Male,25658139,Basic,5,12745806,Pickup,14,1,No,41741,1,Teacher,1,87.0,87.0,HIGH
102932,18,Female,212519800,Premium,1,12968784,Hatchback,13,1,No,20288,1,Driver,1,84.0,84.0,HIGH
102933,19,Male,107969331,Standard,8,1120026,Hatchback,9,2,No,5910,1,Driver,1,78.0,78.0,HIGH
102934,65,Male,132256159,Premium,10,7525713,Motorcycle,3,1,No,47169,0,Driver,1,78.33,78.33,HIGH
102935,46,Male,167452683,Standard,8,6295986,Motorcycle,9,4,Yes,37569,0,Business Owner,1,91.0,91.0,HIGH
102936,50,Male,249712495,Basic,10,9240786,Hatchback,11,1,No,20309,2,Business Owner,1,84.0,84.0,HIGH
102937,27,Male,247209321,Basic,10,6324107,Motorcycle,4,1,Yes,14913,0,Teacher,1,87.33,87.33,HIGH
102938,67,Male,57033050,Standard,10,1446295,SUV,2,1,Yes,17265,1,Engineer,1,78.67,78.67,HIGH
102939,57,Female,47992457,Standard,2,12166148,SUV,9,1,No,31963,2,Student,1,83.67,83.67,HIGH
102940,38,Female,46094509,Standard,10,13100759,Motorcycle,1,2,No,32905,0,Engineer,1,74.67,74.67,HIGH
102941,45,Male,91470904,Basic,3,14269338,Sedan,14,1,Yes,27235,0,Business Owner,0,8.33,8.33,LOW
102942,28,Female,105518323,Premium,4,14336989,Hatchback,8,1,No,12426,0,Student,0,6.33,6.33,LOW
102943,51,Female,37859305,Basic,1,4229198,SUV,12,1,No,5922,1,Driver,1,78.33,78.33,HIGH
102944,25,Male,212610857,Premium,4,3865530,Motorcycle,0,0,Yes,43323,1,Engineer,1,76.33,76.33,HIGH
102945,39,Female,86452057,Basic,5,2094526,Motorcycle,4,1,No,33091,2,Engineer,1,73.0,73.0,HIGH
102946,25,Female,148494424,Standard,3,4856811,SUV,4,0,No,30771,0,Engineer,1,74.0,74.0,HIGH
102947,66,Female,205112150,Basic,10,3375521,SUV,7,0,No,12776,1,Business Owner,1,65.67,65.67,MEDIUM
102948,32,Female,181599009,Standard,2,9882074,Sedan,5,1,Yes,3919,0,Student,1,65.67,65.67,MEDIUM
102949,34,Female,142282872,Standard,6,6198931,Motorcycle,5,3,No,40772,1,Driver,1,67.0,67.0,MEDIUM
102950,40,Female,239548711,Standard,8,8127080,Motorcycle,5,0,No,23954,0,Business Owner,1,73.33,73.33,HIGH
102951,41,Female,118046653,Standard,7,5274015,Pickup,3,2,Yes,23837,1,Driver,1,83.33,83.33,HIGH
102952,62,Female,58857878,Standard,1,3238275,Sedan,14,1,Yes,12958,0,Office Worker,0,8.67,8.67,LOW
102953,36,Male,160616286,Standard,4,7493956,SUV,0,1,Yes,8575,0,Office Worker,1,66.33,66.33,MEDIUM
102954,22,Male,218923647,Premium,3,4925300,SUV,2,4,Yes,10945,3,Driver,0,5.67,5.67,LOW
102955,49,Female,229087750,Basic,6,7557049,Hatchback,12,4,Yes,49962,0,Office Worker,1,92.33,92.33,HIGH
102956,61,Female,26717479,Standard,9,6152903,SUV,12,0,No,13863,2,Student,1,68.0,68.0,MEDIUM
102957,18,Male,51964256,Standard,9,4830278,Motorcycle,14,0,No,18857,2,Student,1,87.67,87.67,HIGH
102958,40,Female,160263444,Standard,7,8437101,SUV,9,1,No,35309,0,Business Owner,1,82.0,82.0,HIGH
102959,54,Female,28823873,Standard,9,6924381,Motorcycle,11,0,No,25954,1,Driver,1,51.67,51.67,MEDIUM
102960,25,Male,78293585,Basic,8,1233597,Motorcycle,10,2,No,36368,0,Business Owner,1,80.0,80.0,HIGH
102961,30,Male,188478190,Basic,5,3645348,Sedan,5,1,No,30742,1,Student,1,85.33,85.33,HIGH
102962,25,Male,225629152,Basic,9,5561295,SUV,4,0,Yes,15134,0,Student,1,78.67,78.67,HIGH
102963,40,Female,103432484,Basic,7,4004494,Sedan,9,1,No,14580,1,Student,1,77.67,77.67,HIGH
102964,60,Female,196465953,Standard,5,3875780,Motorcycle,0,3,No,23966,1,Engineer,1,59.33,59.33,MEDIUM
102965,18,Male,74729314,Standard,8,8241282,SUV,4,1,Yes,19037,1,Office Worker,0,8.33,8.33,LOW
102966,62,Male,232442354,Premium,7,5113942,SUV,1,0,Yes,5786,1,Business Owner,0,7.0,7.0,LOW
102967,68,Female,89910193,Standard,9,3897596,Sedan,0,2,No,22079,1,Business Owner,0,6.0,6.0,LOW
102968,41,Male,169727036,Basic,10,3114564,Sedan,3,0,No,18231,0,Student,1,51.67,51.67,MEDIUM
102969,52,Female,61108021,Premium,1,4110806,Motorcycle,5,4,No,14840,0,Engineer,1,82.0,82.0,HIGH
102970,41,Female,148638161,Premium,9,6615054,Motorcycle,6,0,Yes,5052,1,Business Owner,1,63.67,63.67,MEDIUM
102971,34,Male,110584493,Standard,7,9656408,SUV,8,1,Yes,36399,1,Teacher,0,7.0,7.0,LOW
102972,22,Male,186914621,Standard,1,6382919,SUV,4,0,No,6442,2,Business Owner,0,67.0,67.0,MEDIUM
102973,37,Female,38027415,Premium,1,3575326,Pickup,7,2,No,4754,0,Engineer,1,83.33,83.33,HIGH
102974,38,Male,214509500,Standard,5,10846164,Pickup,7,2,No,46993,0,Student,1,69.67,69.67,MEDIUM
102975,57,Male,67124829,Premium,8,2667349,Hatchback,10,0,No,12770,2,Engineer,0,7.33,7.33,LOW
102976,48,Male,213367156,Basic,9,7138695,Motorcycle,8,0,No,16499,0,Office Worker,1,69.0,69.0,MEDIUM
102977,63,Male,183890889,Basic,6,4589974,Hatchback,2,1,Yes,3025,0,Business Owner,0,6.67,6.67,LOW
102978,53,Female,150591894,Standard,10,8538911,Hatchback,2,2,No,27330,2,Office Worker,1,74.67,74.67,HIGH
102979,28,Female,96279027,Standard,8,8865927,Sedan,8,0,Yes,13401,1,Business Owner,1,86.67,86.67,HIGH
102980,69,Female,148584650,Premium,6,5344899,Sedan,6,0,No,43065,1,Office Worker,1,71.67,71.67,HIGH
102981,32,Female,164906233,Premium,6,14155647,Pickup,14,0,No,9553,4,Business Owner,1,81.0,81.0,HIGH
102982,36,Male,34190617,Standard,4,11535517,Hatchback,15,0,Yes,8759,2,Teacher,0,68.0,68.0,MEDIUM
102983,24,Male,96414944,Basic,5,1784402,Pickup,3,1,Yes,10755,2,Student,1,83.33,83.33,HIGH
102984,68,Female,189463534,Premium,2,14881983,Motorcycle,14,3,Yes,16384,1,Teacher,1,89.33,89.33,HIGH
102985,45,Female,173607500,Standard,3,6991766,SUV,0,2,Yes,32928,0,Driver,1,71.0,71.0,HIGH
102986,68,Male,82405223,Basic,3,9195665,Sedan,15,3,No,30478,1,Engineer,1,91.0,91.0,HIGH
102987,60,Female,98913944,Standard,5,10828093,Motorcycle,6,1,No,36897,0,Business Owner,1,56.67,56.67,MEDIUM
102988,22,Female,176207747,Standard,5,14844404,Motorcycle,9,2,No,40764,1,Engineer,1,84.33,84.33,HIGH
102989,22,Male,178250857,Standard,6,10377500,Sedan,5,0,No,48064,2,Business Owner,1,80.67,80.67,HIGH
102990,47,Female,49783762,Standard,5,9767584,Sedan,2,2,No,35374,3,Driver,1,77.67,77.67,HIGH
102991,49,Male,102951716,Basic,6,6405747,Hatchback,13,2,No,23529,1,Student,1,87.0,87.0,HIGH
102992,25,Male,196987805,Premium,8,7745781,Pickup,15,0,No,41409,2,Student,1,84.67,84.67,HIGH
102993,27,Female,216200530,Standard,2,11536288,Motorcycle,4,0,No,35368,2,Engineer,1,71.33,71.33,HIGH
102994,55,Male,84974585,Standard,4,12832710,Hatchback,2,1,No,49669,1,Teacher,1,76.0,76.0,HIGH
102995,64,Female,58400086,Basic,6,5242546,Hatchback,7,1,No,17371,1,Driver,0,7.0,7.0,LOW
102996,49,Male,90320186,Standard,5,1459099,Motorcycle,4,0,Yes,10369,0,Engineer,0,5.67,5.67,LOW
102997,65,Female,162088309,Basic,1,12649024,Motorcycle,9,0,No,6895,0,Student,1,71.0,71.0,HIGH
102998,45,Female,217239311,Basic,9,4637310,SUV,9,1,No,17453,1,Office Worker,1,77.33,77.33,HIGH
102999,34,Female,48792448,Standard,3,12011831,Pickup,5,1,No,7797,1,Engineer,1,56.33,56.33,MEDIUM
103000,48,Male,167338187,Basic,2,3125542,Motorcycle,1,1,No,48809,3,Business Owner,1,52.67,52.67,MEDIUM
